"James Harden_HOU","LeBron James_CLE","Russell Westbrook_OKC","Kevin Durant_GS","Joel Embiid_PHI","Ben Simmons_PHI","Stephen Curry_GS","Chris Paul_HOU","Karl-Anthony Towns_MIN","Kristaps Porzingis_NY","Jimmy Butler_MIN","Kyrie Irving_BOS","John Wall_WAS","Kevin Love_CLE","Kyle Kuzma_LAL","Draymond Green_GS","Bradley Beal_WAS","Lonzo Ball_LAL","Paul George_OKC","Al Horford_BOS","Clint Capela_HOU","Klay Thompson_GS","Brandon Ingram_LAL","Dario Saric_PHI","Robert Covington_PHI","Enes Kanter_NY","Jeff Teague_MIN","Isaiah Thomas_CLE","Tim Hardaway_NY","Taj Gibson_MIN","Andrew Wiggins_MIN","Eric Gordon_HOU","Carmelo Anthony_OKC","Steven Adams_OKC","Jayson Tatum_BOS","Otto Porter_WAS","Jaylen Brown_BOS","Kentavious Caldwell-Pope_LAL","Julius Randle_LAL","JJ Redick_PHI","Michael Beasley_NY","Trevor Ariza_HOU","Dwyane Wade_CLE","Marcin Gortat_WAS","Jordan Bell_GS","Marcus Smart_BOS","Courtney Lee_NY","Jordan Clarkson_LAL","PJ Tucker_HOU","Marcus Morris_BOS","Jarrett Jack_NY","Ryan Anderson_HOU","Mike Scott_WAS","Kelly Oubre_WAS","Larry Nance_LAL","Richaun Holmes_PHI","Markieff Morris_WAS","Brook Lopez_LAL","Omri Casspi_GS","Trevor Booker_PHI","Terry Rozier_BOS","Jeff Green_CLE","TJ McConnell_PHI","JR Smith_CLE","Jamal Crawford_MIN","Kyle O'Quinn_NY","Frank Ntilikina_NY","Andre Iguodala_GS","Jerryd Bayless_PHI","Markelle Fultz_PHI","Nene Hilario_HOU","Jose Calderon_CLE","Tomas Satoransky_WAS","Tim Frazier_WAS","Aron Baynes_BOS","Josh Hart_LAL","Amir Johnson_PHI","Doug McDermott_NY","Jerami Grant_OKC","Patrick McCaw_GS","Shaun Livingston_GS","Kyle Korver_CLE","Corey Brewer_LAL","Guillermo Hernangomez_NY","David West_GS","Jae Crowder_CLE","Tristan Thompson_CLE","Ian Mahinmi_WAS","Daniel Theis_BOS","Tyus Jones_MIN","Gorgui Dieng_MIN","Damyean Dotson_NY","Andre Roberson_OKC","Kevon Looney_GS","Iman Shumpert_CLE","Derrick Rose_CLE","Shane Larkin_BOS","Nemanja Bjelica_MIN","Shabazz Muhammad_MIN","Lance Thomas_NY","Timothe Luwawu-Cabarrot_PHI","Ron Baker_NY","Alex Abrines_OKC","Channing Frye_CLE","Zaza Pachulia_GS","Nick Young_GS","Semi Ojeleye_BOS","Ivica Zubac_LAL","Patrick Patterson_OKC","Luc Richard Mbah a Moute_HOU","JaVale McGee_GS","Jodie Meeks_WAS","Ramon Sessions_NY","Raymond Felton_OKC","Quinn Cook_GS","Sheldon Mac_WAS","Chris McCullough_WAS","Devin Robinson_WAS","Jason Smith_WAS","Mike Young_WAS","Jabari Bird_BOS","Guerschon Yabusele_BOS","Kadeem Allen_BOS","Abdel Nader_BOS","Gordon Hayward_BOS","Anthony Brown_MIN","Cole Aldrich_MIN","Marcus Georges-Hunt_MIN","Aaron Brooks_MIN","Justin Patton_MIN","Thomas Bryant_LAL","Vander Blue_LAL","Tyler Ennis_LAL","Luol Deng_LAL","Andrew Bogut_LAL","Alex Caruso_LAL","Jacob Pullen_PHI","Justin Anderson_PHI","James Michael McAdoo_PHI","Furkan Korkmaz_PHI","Luke Kornet_NY","Isaiah Hicks_NY","Joakim Noah_NY","Dakari Johnson_OKC","Daniel Hamilton_OKC","PJ Dozier_OKC","Terrance Ferguson_OKC","Josh Huestis_OKC","Kyle Singler_OKC","Nick Collison_OKC","Briante Weber_HOU","Bobby Brown_HOU","Demetrius Jackson_HOU","Tarik Black_HOU","Troy Williams_HOU","Chinanu Onuaku_HOU","Zhou Qi_HOU","Chris Boucher_GS","Damian Jones_GS","London Perrantes_CLE","John Holland_CLE","Ante Zizic_CLE","Cedi Osman_CLE"
186.25,0,0,0,0,0,0,-300.40625,0,0,0,0,0,0,0,0,0,0,0,0,-130.1875,0,0,0,0,0,0,0,0,0,0,102.53125,0,0,0,0,0,0,0,0,0,69.609375,0,0,0,0,0,0,19.96875,0,0,57.34375,0,0,0,0,0,0,0,0,0,0,0,0,0,0,0,0,0,0,-61.03125,0,0,0,0,0,0,0,0,0,0,0,0,0,0,0,0,0,0,0,0,0,0,0,0,0,0,0,0,0,0,0,0,0,0,0,0,0,0,0,0,0,0,0,0,0,0,0,0,0,0,0,0,0,0,0,0,0,0,0,0,0,0,0,0,0,0,0,0,0,0,0,0,0,0,0,0,0,0,0,28.78125,0,0,57.5625,0,0,0,0,0,0,0,0,0
0,56.4965277777778,0,0,0,0,0,0,0,0,0,0,0,-6.94010416666667,0,0,0,0,0,0,0,0,0,0,0,0,0,0,0,0,0,0,0,0,0,0,0,0,0,0,0,0,-56.7022569444444,0,0,0,0,0,0,0,0,0,0,0,0,0,0,0,0,0,0,-12.0086805555556,0,3.17274305555556,0,0,0,0,0,0,0,27.6779513888889,0,0,0,0,0,0,0,0,0,12.4600694444444,0,0,0,-6.97743055555556,2.41493055555556,0,0,0,0,0,0,0,0,0,0,0,0,0,0,0,0,8.35590277777778,0,0,0,0,0,0,0,0,0,0,0,0,0,0,0,0,0,0,0,0,0,0,0,0,0,0,0,0,0,0,0,0,0,0,0,0,0,0,0,0,0,0,0,0,0,0,0,0,0,0,0,0,0,0,0,0,0,-8.68055555555556,9.51041666666667
0,0,113.892857142857,0,0,0,0,0,0,0,0,0,0,0,0,0,0,0,-62.5848214285714,0,0,0,0,0,0,0,0,0,0,0,0,0,48.6383928571429,41.375,0,0,0,0,0,0,0,0,0,0,0,0,0,0,0,0,0,0,0,0,0,0,0,0,0,0,0,0,0,0,0,0,0,0,0,0,0,0,0,0,0,0,0,0,-39.6339285714286,0,0,0,0,0,0,0,0,0,0,0,0,0,22.1160714285714,0,0,0,0,0,0,0,0,0,-13.21875,0,0,0,0,0,-50.6964285714286,0,0,0,0,-24.2544642857143,0,0,0,0,0,0,0,0,0,0,0,0,0,0,0,0,0,0,0,0,0,0,0,0,0,0,0,0,0,-20.6116071428571,0,0,-6.14285714285714,-0.147321428571429,0,-17.78125,0,0,0,0,0,0,0,0,0,0,0,0,0
0,0,0,477.78125,0,0,-32.8645833333333,0,0,0,0,0,0,0,0,-164.145833333333,0,0,0,0,0,-52.9973958333333,0,0,0,0,0,0,0,0,0,0,0,0,0,0,0,0,0,0,0,0,0,0,119.8359375,0,0,0,0,0,0,0,0,0,0,0,0,0,62.9765625,0,0,0,0,0,0,0,0,10.0598958333333,0,0,0,0,0,0,0,0,0,0,0,-226.364583333333,-31.2473958333333,0,0,0,9.63020833333333,0,0,0,0,0,0,0,0,15.9088541666667,0,0,0,0,0,0,0,0,0,0,-57.5598958333333,-5.80729166666667,0,0,0,0,-49.2916666666667,0,0,0,55.4270833333333,0,0,0,0,0,0,0,0,0,0,0,0,0,0,0,0,0,0,0,0,0,0,0,0,0,0,0,0,0,0,0,0,0,0,0,0,0,0,0,0,0,0,0,0,0,0,0,0
0,0,0,0,748.9,11.3,0,0,0,0,0,0,0,0,0,0,0,0,0,0,0,0,0,-2.075,-65.6,0,0,0,0,0,0,0,0,0,0,0,0,0,0,43.425,0,0,0,0,0,0,0,0,0,0,0,0,0,0,0,-76.3,0,0,0,326.25,0,0,34.75,0,0,0,0,0,-81.1,0,0,0,0,0,0,0,-178.45,0,0,0,0,0,0,0,0,0,0,0,0,0,0,0,0,0,0,0,0,0,0,0,-45.125,0,0,0,0,0,0,0,0,0,0,0,0,0,0,0,0,0,0,0,0,0,0,0,0,0,0,0,0,0,0,0,0,0,0,0,0,0,0,0,0,0,0,0,0,0,0,0,0,0,0,0,0,0,0,0,0,0,0,0,0,0,0
0,0,0,0,11.3,259.24375,0,0,0,0,0,0,0,0,0,0,0,0,0,0,0,0,0,40.61875,65.4625,0,0,0,0,0,0,0,0,0,0,0,0,0,0,-106.4875,0,0,0,0,0,0,0,0,0,0,0,0,0,0,0,-136.825,0,0,0,-144.84375,0,0,-28.5875,0,0,0,0,0,55.41875,0,0,0,0,0,0,0,-1.48125,0,0,0,0,0,0,0,0,0,0,0,0,0,0,0,0,0,0,0,0,0,0,0,15.79375,0,0,0,0,0,0,0,0,0,0,0,0,0,0,0,0,0,0,0,0,0,0,0,0,0,0,0,0,0,0,0,0,0,0,0,0,0,0,0,0,0,0,0,0,0,0,0,0,0,0,0,0,0,0,0,0,0,0,0,0,0,0
0,0,0,-32.8645833333333,0,0,681.553819444444,0,0,0,0,0,0,0,0,394.600694444444,0,0,0,0,0,2.28298611111111,0,0,0,0,0,0,0,0,0,0,0,0,0,0,0,0,0,0,0,0,0,0,-110.1171875,0,0,0,0,0,0,0,0,0,0,0,0,0,-168.580729166667,0,0,0,0,0,0,0,0,-25.7986111111111,0,0,0,0,0,0,0,0,0,0,0,-89.8524305555556,-22.2612847222222,0,0,0,-70.8246527777778,0,0,0,0,0,0,0,0,-2.57378472222222,0,0,0,0,0,0,0,0,0,0,143.298611111111,-33.3116319444444,0,0,0,0,-3.40277777777778,0,0,0,-84.4965277777778,0,0,0,0,0,0,0,0,0,0,0,0,0,0,0,0,0,0,0,0,0,0,0,0,0,0,0,0,0,0,0,0,0,0,0,0,0,0,0,0,0,0,0,0,0,0,0,0
-300.40625,0,0,0,0,0,0,542.29375,0,0,0,0,0,0,0,0,0,0,0,0,251.065625,0,0,0,0,0,0,0,0,0,0,-169.653125,0,0,0,0,0,0,0,0,0,-47.60625,0,0,0,0,0,0,-37.59375,0,0,-130.990625,0,0,0,0,0,0,0,0,0,0,0,0,0,0,0,0,0,0,95.0625,0,0,0,0,0,0,0,0,0,0,0,0,0,0,0,0,0,0,0,0,0,0,0,0,0,0,0,0,0,0,0,0,0,0,0,0,0,0,0,0,0,0,0,0,0,0,0,0,0,0,0,0,0,0,0,0,0,0,0,0,0,0,0,0,0,0,0,0,0,0,0,0,0,0,0,0,0,0,0,-62.15625,0,0,-121.340625,0,0,0,0,0,0,0,0,0
0,0,0,0,0,0,0,0,178.583333333333,0,23.9861111111111,0,0,0,0,0,0,0,0,0,0,0,0,0,0,0,100.020833333333,0,0,17.5694444444444,-40.4375,0,0,0,0,0,0,0,0,0,0,0,0,0,0,0,0,0,0,0,0,0,0,0,0,0,0,0,0,0,0,0,0,0,-9.15972222222222,0,0,0,0,0,0,0,0,0,0,0,0,0,0,0,0,0,0,0,0,0,0,0,0,-52.2777777777778,-58.2847222222222,0,0,0,0,0,0,0,-0.229166666666667,0,0,0,0,0,0,0,0,0,0,0,0,0,0,0,0,0,0,0,0,0,0,0,0,0,0,0,10.2222222222222,21.8611111111111,1.71527777777778,0,0,0,0,0,0,0,0,0,0,0,0,0,0,0,0,0,0,0,0,0,0,0,0,0,0,0,0,0,0,0,0,0,0
0,0,0,0,0,0,0,0,0,0,0,0,0,0,0,0,0,0,0,0,0,0,0,0,0,0,0,0,0,0,0,0,0,0,0,0,0,0,0,0,0,0,0,0,0,0,0,0,0,0,0,0,0,0,0,0,0,0,0,0,0,0,0,0,0,0,0,0,0,0,0,0,0,0,0,0,0,0,0,0,0,0,0,0,0,0,0,0,0,0,0,0,0,0,0,0,0,0,0,0,0,0,0,0,0,0,0,0,0,0,0,0,0,0,0,0,0,0,0,0,0,0,0,0,0,0,0,0,0,0,0,0,0,0,0,0,0,0,0,0,0,0,0,0,0,0,0,0,0,0,0,0,0,0,0,0,0,0,0,0,0,0,0
0,0,0,0,0,0,0,0,23.9861111111111,0,78.6979166666667,0,0,0,0,0,0,0,0,0,0,0,0,0,0,0,-14.1319444444444,0,0,-25.3229166666667,-11.1666666666667,0,0,0,0,0,0,0,0,0,0,0,0,0,0,0,0,0,0,0,0,0,0,0,0,0,0,0,0,0,0,0,0,0,-23.4965277777778,0,0,0,0,0,0,0,0,0,0,0,0,0,0,0,0,0,0,0,0,0,0,0,0,-46.8784722222222,-5.79861111111111,0,0,0,0,0,0,0,0.260416666666667,0,0,0,0,0,0,0,0,0,0,0,0,0,0,0,0,0,0,0,0,0,0,0,0,0,0,0,4.05555555555556,2.37847222222222,-1.10763888888889,0,0,0,0,0,0,0,0,0,0,0,0,0,0,0,0,0,0,0,0,0,0,0,0,0,0,0,0,0,0,0,0,0,0
0,0,0,0,0,0,0,0,0,0,0,66.0133928571429,0,0,0,0,0,0,0,-84.8236607142857,0,0,0,0,0,0,0,0,0,0,0,0,0,0,-40.1941964285714,0,40.3102678571429,0,0,0,0,0,0,0,0,8.828125,0,0,0,-20.9084821428571,0,0,0,0,0,0,0,0,0,0,-17.46875,0,0,0,0,0,0,0,0,0,0,0,0,0,9.96875,0,0,0,0,0,0,0,0,0,0,0,0,0,7.14508928571429,0,0,0,0,0,0,0,15.4196428571429,0,0,0,0,0,0,0,0,0,3.66517857142857,0,0,0,0,0,0,0,0,0,0,0,0,0,0,3.09598214285714,0,-3.07142857142857,0,0,0,0,0,0,0,0,0,0,0,0,0,0,0,0,0,0,0,0,0,0,0,0,0,0,0,0,0,0,0,0,0,0,0,0,0,0,0
0,0,0,0,0,0,0,0,0,0,0,0,300.486111111111,0,0,0,34.6041666666667,0,0,0,0,0,0,0,0,0,0,0,0,0,0,0,0,0,0,-87.3125,0,0,0,0,0,0,0,18.8263888888889,0,0,0,0,0,0,0,0,92.5069444444444,-32.2361111111111,0,0,-8.22916666666667,0,0,0,0,0,0,0,0,0,0,0,0,0,0,0,-34.8472222222222,-87.2222222222222,0,0,0,0,0,0,0,0,0,0,0,0,0,9.25,0,0,0,0,0,0,0,0,0,0,0,0,0,0,0,0,0,0,0,0,0,0,0,-6.54861111111111,0,0,0,0,-4.09027777777778,0,6.86111111111111,0,0,0,0,0,0,0,0,0,0,0,0,0,0,0,0,0,0,0,0,0,0,0,0,0,0,0,0,0,0,0,0,0,0,0,0,0,0,0,0,0,0,0,0
0,-6.94010416666667,0,0,0,0,0,0,0,0,0,0,0,84.609375,0,0,0,0,0,0,0,0,0,0,0,0,0,0,0,0,0,0,0,0,0,0,0,0,0,0,0,0,46.2291666666667,0,0,0,0,0,0,0,0,0,0,0,0,0,0,0,0,0,0,-12.9713541666667,0,4.71354166666667,0,0,0,0,0,0,0,21.1119791666667,0,0,0,0,0,0,0,0,0,-21.2604166666667,0,0,0,-15.0026041666667,-19.4895833333333,0,0,0,0,0,0,0,0,0,0,0,0,0,0,0,0,-11.6197916666667,0,0,0,0,0,0,0,0,0,0,0,0,0,0,0,0,0,0,0,0,0,0,0,0,0,0,0,0,0,0,0,0,0,0,0,0,0,0,0,0,0,0,0,0,0,0,0,0,0,0,0,0,0,0,0,0,0,-2.33072916666667,-27.2265625
0,0,0,0,0,0,0,0,0,0,0,0,0,0,328.186383928571,0,0,38.8013392857143,0,0,0,0,-109.493303571429,0,0,0,0,0,0,0,0,0,0,0,0,0,0,-122.2109375,-25.5323660714286,0,0,0,0,0,0,0,0,-174.253348214286,0,0,0,0,0,0,-12.5792410714286,0,0,-86.3236607142857,0,0,0,0,0,0,0,0,0,0,0,0,0,0,0,0,0,45.6082589285714,0,0,0,0,0,0,93.7198660714286,0,0,0,0,0,0,0,0,0,0,0,0,0,0,0,0,0,0,0,0,0,0,0,0,0,0,0,0,0,0,0,0,0,0,0,0,0,0,0,0,0,0,0,0,0,0,0,0,0,0,0,32.5602678571429,0,0,0,0,0,0,0,0,0,0,0,0,0,0,0,0,0,0,0,0,0,0,0,0,0,0,0,0
0,0,0,-164.145833333333,0,0,394.600694444444,0,0,0,0,0,0,0,0,483.600694444444,0,0,0,0,0,-43.9201388888889,0,0,0,0,0,0,0,0,0,0,0,0,0,0,0,0,0,0,0,0,0,0,-31.640625,0,0,0,0,0,0,0,0,0,0,0,0,0,-162.072916666667,0,0,0,0,0,0,0,0,-19.1423611111111,0,0,0,0,0,0,0,0,0,0,0,-4.89149305555556,-19.8394097222222,0,0,0,-73.4574652777778,0,0,0,0,0,0,0,0,-15.4565972222222,0,0,0,0,0,0,0,0,0,0,102.048611111111,-22.9756944444444,0,0,0,0,-27.7699652777778,0,0,0,-122.910590277778,0,0,0,0,0,0,0,0,0,0,0,0,0,0,0,0,0,0,0,0,0,0,0,0,0,0,0,0,0,0,0,0,0,0,0,0,0,0,0,0,0,0,0,0,0,0,0,0
0,0,0,0,0,0,0,0,0,0,0,0,34.6041666666667,0,0,0,213.416666666667,0,0,0,0,0,0,0,0,0,0,0,0,0,0,0,0,0,0,-56.5555555555556,0,0,0,0,0,0,0,43.7847222222222,0,0,0,0,0,0,0,0,61.25,40.1736111111111,0,0,-26.0972222222222,0,0,0,0,0,0,0,0,0,0,0,0,0,0,0,-6.02083333333333,16.4236111111111,0,0,0,0,0,0,0,0,0,0,0,0,0,-1.06944444444444,0,0,0,0,0,0,0,0,0,0,0,0,0,0,0,0,0,0,0,0,0,0,0,-22.0555555555556,0,0,0,0,-32.0833333333333,0,-9.66666666666667,0,0,0,0,0,0,0,0,0,0,0,0,0,0,0,0,0,0,0,0,0,0,0,0,0,0,0,0,0,0,0,0,0,0,0,0,0,0,0,0,0,0,0,0
0,0,0,0,0,0,0,0,0,0,0,0,0,0,38.8013392857143,0,0,61.8169642857143,0,0,0,0,-3.36160714285714,0,0,0,0,0,0,0,0,0,0,0,0,0,0,-45.4575892857143,20.0691964285714,0,0,0,0,0,0,0,0,-32.4888392857143,0,0,0,0,0,0,-15.5870535714286,0,0,-19.09375,0,0,0,0,0,0,0,0,0,0,0,0,0,0,0,0,0,20.6986607142857,0,0,0,0,0,0,-15.5602678571429,0,0,0,0,0,0,0,0,0,0,0,0,0,0,0,0,0,0,0,0,0,0,0,0,0,0,0,0,0,0,0,0,0,0,0,0,0,0,0,0,0,0,0,0,0,0,0,0,0,0,0,15.3348214285714,0,0,0,0,0,0,0,0,0,0,0,0,0,0,0,0,0,0,0,0,0,0,0,0,0,0,0,0
0,0,-62.5848214285714,0,0,0,0,0,0,0,0,0,0,0,0,0,0,0,141.722098214286,0,0,0,0,0,0,0,0,0,0,0,0,0,-39.4229910714286,-19.6830357142857,0,0,0,0,0,0,0,0,0,0,0,0,0,0,0,0,0,0,0,0,0,0,0,0,0,0,0,0,0,0,0,0,0,0,0,0,0,0,0,0,0,0,0,0,11.0625,0,0,0,0,0,0,0,0,0,0,0,0,0,13.4241071428571,0,0,0,0,0,0,0,0,0,-41.1908482142857,0,0,0,0,0,11.8950892857143,0,0,0,0,-28.6997767857143,0,0,0,0,0,0,0,0,0,0,0,0,0,0,0,0,0,0,0,0,0,0,0,0,0,0,0,0,0,-0.396205357142857,0,0,-12.03125,-9.97433035714286,0,13.2935267857143,0,0,0,0,0,0,0,0,0,0,0,0,0
0,0,0,0,0,0,0,0,0,0,0,-84.8236607142857,0,0,0,0,0,0,0,272.1328125,0,0,0,0,0,0,0,0,0,0,0,0,0,0,36.8627232142857,0,-176.228794642857,0,0,0,0,0,0,0,0,-61.3805803571429,0,0,0,100.411830357143,0,0,0,0,0,0,0,0,0,0,24.0647321428571,0,0,0,0,0,0,0,0,0,0,0,0,0,-54.5736607142857,0,0,0,0,0,0,0,0,0,0,0,0,0,24.0100446428571,0,0,0,0,0,0,0,-73.3839285714286,0,0,0,0,0,0,0,0,0,-16.8013392857143,0,0,0,0,0,0,0,0,0,0,0,0,0,0,5.40513392857143,0,16.4375,0,0,0,0,0,0,0,0,0,0,0,0,0,0,0,0,0,0,0,0,0,0,0,0,0,0,0,0,0,0,0,0,0,0,0,0,0,0,0
-130.1875,0,0,0,0,0,0,251.065625,0,0,0,0,0,0,0,0,0,0,0,0,452.73125,0,0,0,0,0,0,0,0,0,0,-130.784375,0,0,0,0,0,0,0,0,0,-83.76875,0,0,0,0,0,0,-189.875,0,0,97.475,0,0,0,0,0,0,0,0,0,0,0,0,0,0,0,0,0,0,-49.78125,0,0,0,0,0,0,0,0,0,0,0,0,0,0,0,0,0,0,0,0,0,0,0,0,0,0,0,0,0,0,0,0,0,0,0,0,0,0,0,0,0,0,0,0,0,0,0,0,0,0,0,0,0,0,0,0,0,0,0,0,0,0,0,0,0,0,0,0,0,0,0,0,0,0,0,0,0,0,0,2.28125,0,0,-108.3,0,0,0,0,0,0,0,0,0
0,0,0,-52.9973958333333,0,0,2.28298611111111,0,0,0,0,0,0,0,0,-43.9201388888889,0,0,0,0,0,30.9496527777778,0,0,0,0,0,0,0,0,0,0,0,0,0,0,0,0,0,0,0,0,0,0,-18.3359375,0,0,0,0,0,0,0,0,0,0,0,0,0,12.4036458333333,0,0,0,0,0,0,0,0,-25.0121527777778,0,0,0,0,0,0,0,0,0,0,0,42.7361111111111,2.24913194444444,0,0,0,6.59461805555556,0,0,0,0,0,0,0,0,1.93663194444444,0,0,0,0,0,0,0,0,0,0,10.3637152777778,5.14670138888889,0,0,0,0,13.2196180555556,0,0,0,11.3914930555556,0,0,0,0,0,0,0,0,0,0,0,0,0,0,0,0,0,0,0,0,0,0,0,0,0,0,0,0,0,0,0,0,0,0,0,0,0,0,0,0,0,0,0,0,0,0,0,0
0,0,0,0,0,0,0,0,0,0,0,0,0,0,-109.493303571429,0,0,-3.36160714285714,0,0,0,0,241.174107142857,0,0,0,0,0,0,0,0,0,0,0,0,0,0,-89.984375,-27.1361607142857,0,0,0,0,0,0,0,0,28.3147321428571,0,0,0,0,0,0,95.1629464285714,0,0,37.03125,0,0,0,0,0,0,0,0,0,0,0,0,0,0,0,0,0,-20.0959821428571,0,0,0,0,0,0,41.8683035714286,0,0,0,0,0,0,0,0,0,0,0,0,0,0,0,0,0,0,0,0,0,0,0,0,0,0,0,0,0,0,0,0,0,0,0,0,0,0,0,0,0,0,0,0,0,0,0,0,0,0,0,-31.3705357142857,0,0,0,0,0,0,0,0,0,0,0,0,0,0,0,0,0,0,0,0,0,0,0,0,0,0,0,0
0,0,0,0,-2.075,40.61875,0,0,0,0,0,0,0,0,0,0,0,0,0,0,0,0,0,28.9354166666667,-22.4666666666667,0,0,0,0,0,0,0,0,0,0,0,0,0,0,-5.3,0,0,0,0,0,0,0,0,0,0,0,0,0,0,0,-2.0625,0,0,0,15.46875,0,0,-5.62916666666667,0,0,0,0,0,10.2395833333333,0,0,0,0,0,0,0,4.88541666666667,0,0,0,0,0,0,0,0,0,0,0,0,0,0,0,0,0,0,0,0,0,0,0,9.84791666666667,0,0,0,0,0,0,0,0,0,0,0,0,0,0,0,0,0,0,0,0,0,0,0,0,0,0,0,0,0,0,0,0,0,0,0,0,0,0,0,0,0,0,0,0,0,0,0,0,0,0,0,0,0,0,0,0,0,0,0,0,0,0
0,0,0,0,-65.6,65.4625,0,0,0,0,0,0,0,0,0,0,0,0,0,0,0,0,0,-22.4666666666667,256.266666666667,0,0,0,0,0,0,0,0,0,0,0,0,0,0,-22.3625,0,0,0,0,0,0,0,0,0,0,0,0,0,0,0,-190.0375,0,0,0,-161.71875,0,0,-82.0583333333333,0,0,0,0,0,30.6916666666667,0,0,0,0,0,0,0,90.5833333333333,0,0,0,0,0,0,0,0,0,0,0,0,0,0,0,0,0,0,0,0,0,0,0,6.03333333333333,0,0,0,0,0,0,0,0,0,0,0,0,0,0,0,0,0,0,0,0,0,0,0,0,0,0,0,0,0,0,0,0,0,0,0,0,0,0,0,0,0,0,0,0,0,0,0,0,0,0,0,0,0,0,0,0,0,0,0,0,0,0
0,0,0,0,0,0,0,0,0,0,0,0,0,0,0,0,0,0,0,0,0,0,0,0,0,0,0,0,0,0,0,0,0,0,0,0,0,0,0,0,0,0,0,0,0,0,0,0,0,0,0,0,0,0,0,0,0,0,0,0,0,0,0,0,0,0,0,0,0,0,0,0,0,0,0,0,0,0,0,0,0,0,0,0,0,0,0,0,0,0,0,0,0,0,0,0,0,0,0,0,0,0,0,0,0,0,0,0,0,0,0,0,0,0,0,0,0,0,0,0,0,0,0,0,0,0,0,0,0,0,0,0,0,0,0,0,0,0,0,0,0,0,0,0,0,0,0,0,0,0,0,0,0,0,0,0,0,0,0,0,0,0,0
0,0,0,0,0,0,0,0,100.020833333333,0,-14.1319444444444,0,0,0,0,0,0,0,0,0,0,0,0,0,0,0,199.886111111111,0,0,-2.75138888888889,-57.9611111111111,0,0,0,0,0,0,0,0,0,0,0,0,0,0,0,0,0,0,0,0,0,0,0,0,0,0,0,0,0,0,0,0,0,34.7611111111111,0,0,0,0,0,0,0,0,0,0,0,0,0,0,0,0,0,0,0,0,0,0,0,0,-121.981944444444,-56.8611111111111,0,0,0,0,0,0,0,-1.94166666666667,0,0,0,0,0,0,0,0,0,0,0,0,0,0,0,0,0,0,0,0,0,0,0,0,0,0,0,0.533333333333333,9.875,-30.0333333333333,0,0,0,0,0,0,0,0,0,0,0,0,0,0,0,0,0,0,0,0,0,0,0,0,0,0,0,0,0,0,0,0,0,0
0,0,0,0,0,0,0,0,0,0,0,0,0,0,0,0,0,0,0,0,0,0,0,0,0,0,0,0,0,0,0,0,0,0,0,0,0,0,0,0,0,0,0,0,0,0,0,0,0,0,0,0,0,0,0,0,0,0,0,0,0,0,0,0,0,0,0,0,0,0,0,0,0,0,0,0,0,0,0,0,0,0,0,0,0,0,0,0,0,0,0,0,0,0,0,0,0,0,0,0,0,0,0,0,0,0,0,0,0,0,0,0,0,0,0,0,0,0,0,0,0,0,0,0,0,0,0,0,0,0,0,0,0,0,0,0,0,0,0,0,0,0,0,0,0,0,0,0,0,0,0,0,0,0,0,0,0,0,0,0,0,0,0
0,0,0,0,0,0,0,0,0,0,0,0,0,0,0,0,0,0,0,0,0,0,0,0,0,0,0,0,0,0,0,0,0,0,0,0,0,0,0,0,0,0,0,0,0,0,0,0,0,0,0,0,0,0,0,0,0,0,0,0,0,0,0,0,0,0,0,0,0,0,0,0,0,0,0,0,0,0,0,0,0,0,0,0,0,0,0,0,0,0,0,0,0,0,0,0,0,0,0,0,0,0,0,0,0,0,0,0,0,0,0,0,0,0,0,0,0,0,0,0,0,0,0,0,0,0,0,0,0,0,0,0,0,0,0,0,0,0,0,0,0,0,0,0,0,0,0,0,0,0,0,0,0,0,0,0,0,0,0,0,0,0,0
0,0,0,0,0,0,0,0,17.5694444444444,0,-25.3229166666667,0,0,0,0,0,0,0,0,0,0,0,0,0,0,0,-2.75138888888889,0,0,67.7145833333333,-7.10555555555556,0,0,0,0,0,0,0,0,0,0,0,0,0,0,0,0,0,0,0,0,0,0,0,0,0,0,0,0,0,0,0,0,0,-9.85208333333333,0,0,0,0,0,0,0,0,0,0,0,0,0,0,0,0,0,0,0,0,0,0,0,0,31.5784722222222,-28.0694444444444,0,0,0,0,0,0,0,0.289583333333333,0,0,0,0,0,0,0,0,0,0,0,0,0,0,0,0,0,0,0,0,0,0,0,0,0,0,0,-2.78888888888889,-4.66319444444444,-1.84652777777778,0,0,0,0,0,0,0,0,0,0,0,0,0,0,0,0,0,0,0,0,0,0,0,0,0,0,0,0,0,0,0,0,0,0
0,0,0,0,0,0,0,0,-40.4375,0,-11.1666666666667,0,0,0,0,0,0,0,0,0,0,0,0,0,0,0,-57.9611111111111,0,0,-7.10555555555556,82.1916666666667,0,0,0,0,0,0,0,0,0,0,0,0,0,0,0,0,0,0,0,0,0,0,0,0,0,0,0,0,0,0,0,0,0,-1.37083333333333,0,0,0,0,0,0,0,0,0,0,0,0,0,0,0,0,0,0,0,0,0,0,0,0,53.0736111111111,43.3194444444444,0,0,0,0,0,0,0,-0.358333333333333,0,0,0,0,0,0,0,0,0,0,0,0,0,0,0,0,0,0,0,0,0,0,0,0,0,0,0,-1.57777777777778,-7.22916666666667,12.3069444444444,0,0,0,0,0,0,0,0,0,0,0,0,0,0,0,0,0,0,0,0,0,0,0,0,0,0,0,0,0,0,0,0,0,0
102.53125,0,0,0,0,0,0,-169.653125,0,0,0,0,0,0,0,0,0,0,0,0,-130.784375,0,0,0,0,0,0,0,0,0,0,86.29375,0,0,0,0,0,0,0,0,0,34.215625,0,0,0,0,0,0,26.75,0,0,15.146875,0,0,0,0,0,0,0,0,0,0,0,0,0,0,0,0,0,0,-37,0,0,0,0,0,0,0,0,0,0,0,0,0,0,0,0,0,0,0,0,0,0,0,0,0,0,0,0,0,0,0,0,0,0,0,0,0,0,0,0,0,0,0,0,0,0,0,0,0,0,0,0,0,0,0,0,0,0,0,0,0,0,0,0,0,0,0,0,0,0,0,0,0,0,0,0,0,0,0,16.09375,0,0,49.715625,0,0,0,0,0,0,0,0,0
0,0,48.6383928571429,0,0,0,0,0,0,0,0,0,0,0,0,0,0,0,-39.4229910714286,0,0,0,0,0,0,0,0,0,0,0,0,0,29.7131696428571,9.43303571428571,0,0,0,0,0,0,0,0,0,0,0,0,0,0,0,0,0,0,0,0,0,0,0,0,0,0,0,0,0,0,0,0,0,0,0,0,0,0,0,0,0,0,0,0,-19.4553571428571,0,0,0,0,0,0,0,0,0,0,0,0,0,5.74553571428571,0,0,0,0,0,0,0,0,0,-2.0546875,0,0,0,0,0,-20.9308035714286,0,0,0,0,1.0078125,0,0,0,0,0,0,0,0,0,0,0,0,0,0,0,0,0,0,0,0,0,0,0,0,0,0,0,0,0,-5.12611607142857,0,0,-0.665178571428571,6.03236607142857,0,-8.12834821428571,0,0,0,0,0,0,0,0,0,0,0,0,0
0,0,41.375,0,0,0,0,0,0,0,0,0,0,0,0,0,0,0,-19.6830357142857,0,0,0,0,0,0,0,0,0,0,0,0,0,9.43303571428571,179.910714285714,0,0,0,0,0,0,0,0,0,0,0,0,0,0,0,0,0,0,0,0,0,0,0,0,0,0,0,0,0,0,0,0,0,0,0,0,0,0,0,0,0,0,0,0,-1.125,0,0,0,0,0,0,0,0,0,0,0,0,0,-35.3125,0,0,0,0,0,0,0,0,0,41.7366071428571,0,0,0,0,0,-60.1964285714286,0,0,0,0,-10.8883928571429,0,0,0,0,0,0,0,0,0,0,0,0,0,0,0,0,0,0,0,0,0,0,0,0,0,0,0,0,0,-45.8080357142857,0,0,11.2678571428571,33.0580357142857,0,-11.53125,0,0,0,0,0,0,0,0,0,0,0,0,0
0,0,0,0,0,0,0,0,0,0,0,-40.1941964285714,0,0,0,0,0,0,0,36.8627232142857,0,0,0,0,0,0,0,0,0,0,0,0,0,0,34.4453125,0,-16.5435267857143,0,0,0,0,0,0,0,0,-11.6863839285714,0,0,0,-15.1216517857143,0,0,0,0,0,0,0,0,0,0,17.6138392857143,0,0,0,0,0,0,0,0,0,0,0,0,0,1.68080357142857,0,0,0,0,0,0,0,0,0,0,0,0,0,12.5301339285714,0,0,0,0,0,0,0,-3.21428571428571,0,0,0,0,0,0,0,0,0,-3.85044642857143,0,0,0,0,0,0,0,0,0,0,0,0,0,0,-3.11495535714286,0,5.72321428571429,0,0,0,0,0,0,0,0,0,0,0,0,0,0,0,0,0,0,0,0,0,0,0,0,0,0,0,0,0,0,0,0,0,0,0,0,0,0,0
0,0,0,0,0,0,0,0,0,0,0,0,-87.3125,0,0,0,-56.5555555555556,0,0,0,0,0,0,0,0,0,0,0,0,0,0,0,0,0,0,118.659027777778,0,0,0,0,0,0,0,-0.895833333333333,0,0,0,0,0,0,0,0,-32.1097222222222,20.0847222222222,0,0,21.0291666666667,0,0,0,0,0,0,0,0,0,0,0,0,0,0,0,18.1375,22.0604166666667,0,0,0,0,0,0,0,0,0,0,0,0,0,5.85486111111111,0,0,0,0,0,0,0,0,0,0,0,0,0,0,0,0,0,0,0,0,0,0,0,10.4291666666667,0,0,0,0,-5.54652777777778,0,-6.90625,0,0,0,0,0,0,0,0,0,0,0,0,0,0,0,0,0,0,0,0,0,0,0,0,0,0,0,0,0,0,0,0,0,0,0,0,0,0,0,0,0,0,0,0
0,0,0,0,0,0,0,0,0,0,0,40.3102678571429,0,0,0,0,0,0,0,-176.228794642857,0,0,0,0,0,0,0,0,0,0,0,0,0,0,-16.5435267857143,0,172.213169642857,0,0,0,0,0,0,0,0,75.9453125,0,0,0,-46.3337053571429,0,0,0,0,0,0,0,0,0,0,-32.390625,0,0,0,0,0,0,0,0,0,0,0,0,0,48.0959821428571,0,0,0,0,0,0,0,0,0,0,0,0,0,-18.7622767857143,0,0,0,0,0,0,0,-1.53571428571429,0,0,0,0,0,0,0,0,0,21.4040178571429,0,0,0,0,0,0,0,0,0,0,0,0,0,0,-23.4832589285714,0,-13.0089285714286,0,0,0,0,0,0,0,0,0,0,0,0,0,0,0,0,0,0,0,0,0,0,0,0,0,0,0,0,0,0,0,0,0,0,0,0,0,0,0
0,0,0,0,0,0,0,0,0,0,0,0,0,0,-122.2109375,0,0,-45.4575892857143,0,0,0,0,-89.984375,0,0,0,0,0,0,0,0,0,0,0,0,0,0,306.481026785714,51.1685267857143,0,0,0,0,0,0,0,0,117.563616071429,0,0,0,0,0,0,-47.6908482142857,0,0,23.8816964285714,0,0,0,0,0,0,0,0,0,0,0,0,0,0,0,0,0,-154.190848214286,0,0,0,0,0,0,-95.1238839285714,0,0,0,0,0,0,0,0,0,0,0,0,0,0,0,0,0,0,0,0,0,0,0,0,0,0,0,0,0,0,0,0,0,0,0,0,0,0,0,0,0,0,0,0,0,0,0,0,0,0,0,0.176339285714286,0,0,0,0,0,0,0,0,0,0,0,0,0,0,0,0,0,0,0,0,0,0,0,0,0,0,0,0
0,0,0,0,0,0,0,0,0,0,0,0,0,0,-25.5323660714286,0,0,20.0691964285714,0,0,0,0,-27.1361607142857,0,0,0,0,0,0,0,0,0,0,0,0,0,0,51.1685267857143,109.998883928571,0,0,0,0,0,0,0,0,11.6618303571429,0,0,0,0,0,0,-75.9765625,0,0,-7.15401785714286,0,0,0,0,0,0,0,0,0,0,0,0,0,0,0,0,0,-35.1729910714286,0,0,0,0,0,0,-104.427455357143,0,0,0,0,0,0,0,0,0,0,0,0,0,0,0,0,0,0,0,0,0,0,0,0,0,0,0,0,0,0,0,0,0,0,0,0,0,0,0,0,0,0,0,0,0,0,0,0,0,0,0,22.5691964285714,0,0,0,0,0,0,0,0,0,0,0,0,0,0,0,0,0,0,0,0,0,0,0,0,0,0,0,0
0,0,0,0,43.425,-106.4875,0,0,0,0,0,0,0,0,0,0,0,0,0,0,0,0,0,-5.3,-22.3625,0,0,0,0,0,0,0,0,0,0,0,0,0,0,92.15,0,0,0,0,0,0,0,0,0,0,0,0,0,0,0,22.2625,0,0,0,115.3125,0,0,-27.575,0,0,0,0,0,-37.975,0,0,0,0,0,0,0,-0.6125,0,0,0,0,0,0,0,0,0,0,0,0,0,0,0,0,0,0,0,0,0,0,0,19.0375,0,0,0,0,0,0,0,0,0,0,0,0,0,0,0,0,0,0,0,0,0,0,0,0,0,0,0,0,0,0,0,0,0,0,0,0,0,0,0,0,0,0,0,0,0,0,0,0,0,0,0,0,0,0,0,0,0,0,0,0,0,0
0,0,0,0,0,0,0,0,0,0,0,0,0,0,0,0,0,0,0,0,0,0,0,0,0,0,0,0,0,0,0,0,0,0,0,0,0,0,0,0,0,0,0,0,0,0,0,0,0,0,0,0,0,0,0,0,0,0,0,0,0,0,0,0,0,0,0,0,0,0,0,0,0,0,0,0,0,0,0,0,0,0,0,0,0,0,0,0,0,0,0,0,0,0,0,0,0,0,0,0,0,0,0,0,0,0,0,0,0,0,0,0,0,0,0,0,0,0,0,0,0,0,0,0,0,0,0,0,0,0,0,0,0,0,0,0,0,0,0,0,0,0,0,0,0,0,0,0,0,0,0,0,0,0,0,0,0,0,0,0,0,0,0
69.609375,0,0,0,0,0,0,-47.60625,0,0,0,0,0,0,0,0,0,0,0,0,-83.76875,0,0,0,0,0,0,0,0,0,0,34.215625,0,0,0,0,0,0,0,0,0,126.60625,0,0,0,0,0,0,52.25,0,0,-67.43125,0,0,0,0,0,0,0,0,0,0,0,0,0,0,0,0,0,0,7.5625,0,0,0,0,0,0,0,0,0,0,0,0,0,0,0,0,0,0,0,0,0,0,0,0,0,0,0,0,0,0,0,0,0,0,0,0,0,0,0,0,0,0,0,0,0,0,0,0,0,0,0,0,0,0,0,0,0,0,0,0,0,0,0,0,0,0,0,0,0,0,0,0,0,0,0,0,0,0,0,-18.125,0,0,-3.815625,0,0,0,0,0,0,0,0,0
0,-56.7022569444444,0,0,0,0,0,0,0,0,0,0,0,46.2291666666667,0,0,0,0,0,0,0,0,0,0,0,0,0,0,0,0,0,0,0,0,0,0,0,0,0,0,0,0,138.439236111111,0,0,0,0,0,0,0,0,0,0,0,0,0,0,0,0,0,0,1.38107638888889,0,-15.4513888888889,0,0,0,0,0,0,0,-56.9409722222222,0,0,0,0,0,0,0,0,0,-36.3845486111111,0,0,0,1.79513888888889,3.12673611111111,0,0,0,0,0,0,0,0,0,0,0,0,0,0,0,0,-23.0928819444444,0,0,0,0,0,0,0,0,0,0,0,0,0,0,0,0,0,0,0,0,0,0,0,0,0,0,0,0,0,0,0,0,0,0,0,0,0,0,0,0,0,0,0,0,0,0,0,0,0,0,0,0,0,0,0,0,0,-6.37673611111111,-17.0104166666667
0,0,0,0,0,0,0,0,0,0,0,0,18.8263888888889,0,0,0,43.7847222222222,0,0,0,0,0,0,0,0,0,0,0,0,0,0,0,0,0,0,-0.895833333333333,0,0,0,0,0,0,0,111.402777777778,0,0,0,0,0,0,0,0,23.0069444444444,-40.7222222222222,0,0,45.6180555555556,0,0,0,0,0,0,0,0,0,0,0,0,0,0,0,18.0208333333333,33.5069444444444,0,0,0,0,0,0,0,0,0,0,0,0,0,-0.534722222222222,0,0,0,0,0,0,0,0,0,0,0,0,0,0,0,0,0,0,0,0,0,0,0,-58.4027777777778,0,0,0,0,-37.3125,0,-21.9791666666667,0,0,0,0,0,0,0,0,0,0,0,0,0,0,0,0,0,0,0,0,0,0,0,0,0,0,0,0,0,0,0,0,0,0,0,0,0,0,0,0,0,0,0,0
0,0,0,119.8359375,0,0,-110.1171875,0,0,0,0,0,0,0,0,-31.640625,0,0,0,0,0,-18.3359375,0,0,0,0,0,0,0,0,0,0,0,0,0,0,0,0,0,0,0,0,0,0,122.296875,0,0,0,0,0,0,0,0,0,0,0,0,0,75.7890625,0,0,0,0,0,0,0,0,-50.3046875,0,0,0,0,0,0,0,0,0,0,0,-17.5,-13.90625,0,0,0,4.546875,0,0,0,0,0,0,0,0,-6.1953125,0,0,0,0,0,0,0,0,0,0,-18.390625,-18.7734375,0,0,0,0,-49.234375,0,0,0,-6.359375,0,0,0,0,0,0,0,0,0,0,0,0,0,0,0,0,0,0,0,0,0,0,0,0,0,0,0,0,0,0,0,0,0,0,0,0,0,0,0,0,0,0,0,0,0,0,0,0
0,0,0,0,0,0,0,0,0,0,0,8.828125,0,0,0,0,0,0,0,-61.3805803571429,0,0,0,0,0,0,0,0,0,0,0,0,0,0,-11.6863839285714,0,75.9453125,0,0,0,0,0,0,0,0,54.9274553571429,0,0,0,21.8091517857143,0,0,0,0,0,0,0,0,0,0,-29.8995535714286,0,0,0,0,0,0,0,0,0,0,0,0,0,8.72991071428571,0,0,0,0,0,0,0,0,0,0,0,0,0,-41.4051339285714,0,0,0,0,0,0,0,-33.8214285714286,0,0,0,0,0,0,0,0,0,7.02008928571429,0,0,0,0,0,0,0,0,0,0,0,0,0,0,-13.3671875,0,-16.8839285714286,0,0,0,0,0,0,0,0,0,0,0,0,0,0,0,0,0,0,0,0,0,0,0,0,0,0,0,0,0,0,0,0,0,0,0,0,0,0,0
0,0,0,0,0,0,0,0,0,0,0,0,0,0,0,0,0,0,0,0,0,0,0,0,0,0,0,0,0,0,0,0,0,0,0,0,0,0,0,0,0,0,0,0,0,0,0,0,0,0,0,0,0,0,0,0,0,0,0,0,0,0,0,0,0,0,0,0,0,0,0,0,0,0,0,0,0,0,0,0,0,0,0,0,0,0,0,0,0,0,0,0,0,0,0,0,0,0,0,0,0,0,0,0,0,0,0,0,0,0,0,0,0,0,0,0,0,0,0,0,0,0,0,0,0,0,0,0,0,0,0,0,0,0,0,0,0,0,0,0,0,0,0,0,0,0,0,0,0,0,0,0,0,0,0,0,0,0,0,0,0,0,0
0,0,0,0,0,0,0,0,0,0,0,0,0,0,-174.253348214286,0,0,-32.4888392857143,0,0,0,0,28.3147321428571,0,0,0,0,0,0,0,0,0,0,0,0,0,0,117.563616071429,11.6618303571429,0,0,0,0,0,0,0,0,107.427455357143,0,0,0,0,0,0,2.02120535714286,0,0,31.7165178571429,0,0,0,0,0,0,0,0,0,0,0,0,0,0,0,0,0,-46.5948660714286,0,0,0,0,0,0,-45.7600446428571,0,0,0,0,0,0,0,0,0,0,0,0,0,0,0,0,0,0,0,0,0,0,0,0,0,0,0,0,0,0,0,0,0,0,0,0,0,0,0,0,0,0,0,0,0,0,0,0,0,0,0,-10.5602678571429,0,0,0,0,0,0,0,0,0,0,0,0,0,0,0,0,0,0,0,0,0,0,0,0,0,0,0,0
19.96875,0,0,0,0,0,0,-37.59375,0,0,0,0,0,0,0,0,0,0,0,0,-189.875,0,0,0,0,0,0,0,0,0,0,26.75,0,0,0,0,0,0,0,0,0,52.25,0,0,0,0,0,0,101,0,0,-81.4375,0,0,0,0,0,0,0,0,0,0,0,0,0,0,0,0,0,0,53.1875,0,0,0,0,0,0,0,0,0,0,0,0,0,0,0,0,0,0,0,0,0,0,0,0,0,0,0,0,0,0,0,0,0,0,0,0,0,0,0,0,0,0,0,0,0,0,0,0,0,0,0,0,0,0,0,0,0,0,0,0,0,0,0,0,0,0,0,0,0,0,0,0,0,0,0,0,0,0,0,-16.0625,0,0,28.21875,0,0,0,0,0,0,0,0,0
0,0,0,0,0,0,0,0,0,0,0,-20.9084821428571,0,0,0,0,0,0,0,100.411830357143,0,0,0,0,0,0,0,0,0,0,0,0,0,0,-15.1216517857143,0,-46.3337053571429,0,0,0,0,0,0,0,0,21.8091517857143,0,0,0,168.7578125,0,0,0,0,0,0,0,0,0,0,-30.3772321428571,0,0,0,0,0,0,0,0,0,0,0,0,0,-28.5959821428571,0,0,0,0,0,0,0,0,0,0,0,0,0,-36.3671875,0,0,0,0,0,0,0,-69.1875,0,0,0,0,0,0,0,0,0,12.4620535714286,0,0,0,0,0,0,0,0,0,0,0,0,0,0,-27.2265625,0,-17.9375,0,0,0,0,0,0,0,0,0,0,0,0,0,0,0,0,0,0,0,0,0,0,0,0,0,0,0,0,0,0,0,0,0,0,0,0,0,0,0
0,0,0,0,0,0,0,0,0,0,0,0,0,0,0,0,0,0,0,0,0,0,0,0,0,0,0,0,0,0,0,0,0,0,0,0,0,0,0,0,0,0,0,0,0,0,0,0,0,0,0,0,0,0,0,0,0,0,0,0,0,0,0,0,0,0,0,0,0,0,0,0,0,0,0,0,0,0,0,0,0,0,0,0,0,0,0,0,0,0,0,0,0,0,0,0,0,0,0,0,0,0,0,0,0,0,0,0,0,0,0,0,0,0,0,0,0,0,0,0,0,0,0,0,0,0,0,0,0,0,0,0,0,0,0,0,0,0,0,0,0,0,0,0,0,0,0,0,0,0,0,0,0,0,0,0,0,0,0,0,0,0,0
57.34375,0,0,0,0,0,0,-130.990625,0,0,0,0,0,0,0,0,0,0,0,0,97.475,0,0,0,0,0,0,0,0,0,0,15.146875,0,0,0,0,0,0,0,0,0,-67.43125,0,0,0,0,0,0,-81.4375,0,0,128.76875,0,0,0,0,0,0,0,0,0,0,0,0,0,0,0,0,0,0,-69.21875,0,0,0,0,0,0,0,0,0,0,0,0,0,0,0,0,0,0,0,0,0,0,0,0,0,0,0,0,0,0,0,0,0,0,0,0,0,0,0,0,0,0,0,0,0,0,0,0,0,0,0,0,0,0,0,0,0,0,0,0,0,0,0,0,0,0,0,0,0,0,0,0,0,0,0,0,0,0,0,38.03125,0,0,16.35,0,0,0,0,0,0,0,0,0
0,0,0,0,0,0,0,0,0,0,0,0,92.5069444444444,0,0,0,61.25,0,0,0,0,0,0,0,0,0,0,0,0,0,0,0,0,0,0,-32.1097222222222,0,0,0,0,0,0,0,23.0069444444444,0,0,0,0,0,0,0,0,82.4277777777778,-3.65555555555556,0,0,-5.84305555555556,0,0,0,0,0,0,0,0,0,0,0,0,0,0,0,-6.99027777777778,-16.3291666666667,0,0,0,0,0,0,0,0,0,0,0,0,0,14.0611111111111,0,0,0,0,0,0,0,0,0,0,0,0,0,0,0,0,0,0,0,0,0,0,0,-32.6222222222222,0,0,0,0,-27.8583333333333,0,-4.39583333333333,0,0,0,0,0,0,0,0,0,0,0,0,0,0,0,0,0,0,0,0,0,0,0,0,0,0,0,0,0,0,0,0,0,0,0,0,0,0,0,0,0,0,0,0
0,0,0,0,0,0,0,0,0,0,0,0,-32.2361111111111,0,0,0,40.1736111111111,0,0,0,0,0,0,0,0,0,0,0,0,0,0,0,0,0,0,20.0847222222222,0,0,0,0,0,0,0,-40.7222222222222,0,0,0,0,0,0,0,0,-3.65555555555556,69.4972222222222,0,0,-18.8569444444444,0,0,0,0,0,0,0,0,0,0,0,0,0,0,0,23.4333333333333,2.09444444444444,0,0,0,0,0,0,0,0,0,0,0,0,0,25.2763888888889,0,0,0,0,0,0,0,0,0,0,0,0,0,0,0,0,0,0,0,0,0,0,0,44.7041666666667,0,0,0,0,8.50277777777778,0,-11.9027777777778,0,0,0,0,0,0,0,0,0,0,0,0,0,0,0,0,0,0,0,0,0,0,0,0,0,0,0,0,0,0,0,0,0,0,0,0,0,0,0,0,0,0,0,0
0,0,0,0,0,0,0,0,0,0,0,0,0,0,-12.5792410714286,0,0,-15.5870535714286,0,0,0,0,95.1629464285714,0,0,0,0,0,0,0,0,0,0,0,0,0,0,-47.6908482142857,-75.9765625,0,0,0,0,0,0,0,0,2.02120535714286,0,0,0,0,0,0,92.6685267857143,0,0,-7.97098214285714,0,0,0,0,0,0,0,0,0,0,0,0,0,0,0,0,0,14.5167410714286,0,0,0,0,0,0,87.3694196428571,0,0,0,0,0,0,0,0,0,0,0,0,0,0,0,0,0,0,0,0,0,0,0,0,0,0,0,0,0,0,0,0,0,0,0,0,0,0,0,0,0,0,0,0,0,0,0,0,0,0,0,-20.7388392857143,0,0,0,0,0,0,0,0,0,0,0,0,0,0,0,0,0,0,0,0,0,0,0,0,0,0,0,0
0,0,0,0,-76.3,-136.825,0,0,0,0,0,0,0,0,0,0,0,0,0,0,0,0,0,-2.0625,-190.0375,0,0,0,0,0,0,0,0,0,0,0,0,0,0,22.2625,0,0,0,0,0,0,0,0,0,0,0,0,0,0,0,203.65,0,0,0,94.21875,0,0,81.425,0,0,0,0,0,-21.3875,0,0,0,0,0,0,0,-35.5875,0,0,0,0,0,0,0,0,0,0,0,0,0,0,0,0,0,0,0,0,0,0,0,-17.55,0,0,0,0,0,0,0,0,0,0,0,0,0,0,0,0,0,0,0,0,0,0,0,0,0,0,0,0,0,0,0,0,0,0,0,0,0,0,0,0,0,0,0,0,0,0,0,0,0,0,0,0,0,0,0,0,0,0,0,0,0,0
0,0,0,0,0,0,0,0,0,0,0,0,-8.22916666666667,0,0,0,-26.0972222222222,0,0,0,0,0,0,0,0,0,0,0,0,0,0,0,0,0,0,21.0291666666667,0,0,0,0,0,0,0,45.6180555555556,0,0,0,0,0,0,0,0,-5.84305555555556,-18.8569444444444,0,0,133.275,0,0,0,0,0,0,0,0,0,0,0,0,0,0,0,42.5444444444444,46.9763888888889,0,0,0,0,0,0,0,0,0,0,0,0,0,36.4430555555556,0,0,0,0,0,0,0,0,0,0,0,0,0,0,0,0,0,0,0,0,0,0,0,-54.2541666666667,0,0,0,0,-2.8375,0,-35.0277777777778,0,0,0,0,0,0,0,0,0,0,0,0,0,0,0,0,0,0,0,0,0,0,0,0,0,0,0,0,0,0,0,0,0,0,0,0,0,0,0,0,0,0,0,0
0,0,0,0,0,0,0,0,0,0,0,0,0,0,-86.3236607142857,0,0,-19.09375,0,0,0,0,37.03125,0,0,0,0,0,0,0,0,0,0,0,0,0,0,23.8816964285714,-7.15401785714286,0,0,0,0,0,0,0,0,31.7165178571429,0,0,0,0,0,0,-7.97098214285714,0,0,119.174107142857,0,0,0,0,0,0,0,0,0,0,0,0,0,0,0,0,0,-32.015625,0,0,0,0,0,0,-55.1941964285714,0,0,0,0,0,0,0,0,0,0,0,0,0,0,0,0,0,0,0,0,0,0,0,0,0,0,0,0,0,0,0,0,0,0,0,0,0,0,0,0,0,0,0,0,0,0,0,0,0,0,0,-46.6651785714286,0,0,0,0,0,0,0,0,0,0,0,0,0,0,0,0,0,0,0,0,0,0,0,0,0,0,0,0
0,0,0,62.9765625,0,0,-168.580729166667,0,0,0,0,0,0,0,0,-162.072916666667,0,0,0,0,0,12.4036458333333,0,0,0,0,0,0,0,0,0,0,0,0,0,0,0,0,0,0,0,0,0,0,75.7890625,0,0,0,0,0,0,0,0,0,0,0,0,0,129.25,0,0,0,0,0,0,0,0,-27.1067708333333,0,0,0,0,0,0,0,0,0,0,0,31.9114583333333,9.09895833333333,0,0,0,48.0260416666667,0,0,0,0,0,0,0,0,-13.1432291666667,0,0,0,0,0,0,0,0,0,0,-44.1119791666667,-27.0286458333333,0,0,0,0,-15.4583333333333,0,0,0,17.4166666666667,0,0,0,0,0,0,0,0,0,0,0,0,0,0,0,0,0,0,0,0,0,0,0,0,0,0,0,0,0,0,0,0,0,0,0,0,0,0,0,0,0,0,0,0,0,0,0,0
0,0,0,0,326.25,-144.84375,0,0,0,0,0,0,0,0,0,0,0,0,0,0,0,0,0,15.46875,-161.71875,0,0,0,0,0,0,0,0,0,0,0,0,0,0,115.3125,0,0,0,0,0,0,0,0,0,0,0,0,0,0,0,94.21875,0,0,0,63.28125,0,0,28.125,0,0,0,0,0,-74.53125,0,0,0,0,0,0,0,-88.59375,0,0,0,0,0,0,0,0,0,0,0,0,0,0,0,0,0,0,0,0,0,0,0,-5.625,0,0,0,0,0,0,0,0,0,0,0,0,0,0,0,0,0,0,0,0,0,0,0,0,0,0,0,0,0,0,0,0,0,0,0,0,0,0,0,0,0,0,0,0,0,0,0,0,0,0,0,0,0,0,0,0,0,0,0,0,0,0
0,0,0,0,0,0,0,0,0,0,0,-17.46875,0,0,0,0,0,0,0,24.0647321428571,0,0,0,0,0,0,0,0,0,0,0,0,0,0,17.6138392857143,0,-32.390625,0,0,0,0,0,0,0,0,-29.8995535714286,0,0,0,-30.3772321428571,0,0,0,0,0,0,0,0,0,0,26.9955357142857,0,0,0,0,0,0,0,0,0,0,0,0,0,8.96875,0,0,0,0,0,0,0,0,0,0,0,0,0,15.1227678571429,0,0,0,0,0,0,0,35.2946428571429,0,0,0,0,0,0,0,0,0,-4.31696428571429,0,0,0,0,0,0,0,0,0,0,0,0,0,0,3.69866071428571,0,8.875,0,0,0,0,0,0,0,0,0,0,0,0,0,0,0,0,0,0,0,0,0,0,0,0,0,0,0,0,0,0,0,0,0,0,0,0,0,0,0
0,-12.0086805555556,0,0,0,0,0,0,0,0,0,0,0,-12.9713541666667,0,0,0,0,0,0,0,0,0,0,0,0,0,0,0,0,0,0,0,0,0,0,0,0,0,0,0,0,1.38107638888889,0,0,0,0,0,0,0,0,0,0,0,0,0,0,0,0,0,0,14.3298611111111,0,-8.00173611111111,0,0,0,0,0,0,0,-15.9652777777778,0,0,0,0,0,0,0,0,0,1.26736111111111,0,0,0,10.5173611111111,-1.58767361111111,0,0,0,0,0,0,0,0,0,0,0,0,0,0,0,0,1.81944444444444,0,0,0,0,0,0,0,0,0,0,0,0,0,0,0,0,0,0,0,0,0,0,0,0,0,0,0,0,0,0,0,0,0,0,0,0,0,0,0,0,0,0,0,0,0,0,0,0,0,0,0,0,0,0,0,0,0,4.91579861111111,-2.78645833333333
0,0,0,0,34.75,-28.5875,0,0,0,0,0,0,0,0,0,0,0,0,0,0,0,0,0,-5.62916666666667,-82.0583333333333,0,0,0,0,0,0,0,0,0,0,0,0,0,0,-27.575,0,0,0,0,0,0,0,0,0,0,0,0,0,0,0,81.425,0,0,0,28.125,0,0,60.4416666666667,0,0,0,0,0,-4.07083333333333,0,0,0,0,0,0,0,-37.6291666666667,0,0,0,0,0,0,0,0,0,0,0,0,0,0,0,0,0,0,0,0,0,0,0,-27.9791666666667,0,0,0,0,0,0,0,0,0,0,0,0,0,0,0,0,0,0,0,0,0,0,0,0,0,0,0,0,0,0,0,0,0,0,0,0,0,0,0,0,0,0,0,0,0,0,0,0,0,0,0,0,0,0,0,0,0,0,0,0,0,0
0,3.17274305555556,0,0,0,0,0,0,0,0,0,0,0,4.71354166666667,0,0,0,0,0,0,0,0,0,0,0,0,0,0,0,0,0,0,0,0,0,0,0,0,0,0,0,0,-15.4513888888889,0,0,0,0,0,0,0,0,0,0,0,0,0,0,0,0,0,0,-8.00173611111111,0,65.8767361111111,0,0,0,0,0,0,0,-23.0269097222222,0,0,0,0,0,0,0,0,0,35.2873263888889,0,0,0,-43.2986111111111,-38.7482638888889,0,0,0,0,0,0,0,0,0,0,0,0,0,0,0,0,25.5477430555556,0,0,0,0,0,0,0,0,0,0,0,0,0,0,0,0,0,0,0,0,0,0,0,0,0,0,0,0,0,0,0,0,0,0,0,0,0,0,0,0,0,0,0,0,0,0,0,0,0,0,0,0,0,0,0,0,0,-1.34548611111111,-13.7291666666667
0,0,0,0,0,0,0,0,-9.15972222222222,0,-23.4965277777778,0,0,0,0,0,0,0,0,0,0,0,0,0,0,0,34.7611111111111,0,0,-9.85208333333333,-1.37083333333333,0,0,0,0,0,0,0,0,0,0,0,0,0,0,0,0,0,0,0,0,0,0,0,0,0,0,0,0,0,0,0,0,0,50.4034722222222,0,0,0,0,0,0,0,0,0,0,0,0,0,0,0,0,0,0,0,0,0,0,0,0,-7.70763888888889,6.72222222222222,0,0,0,0,0,0,0,-0.24375,0,0,0,0,0,0,0,0,0,0,0,0,0,0,0,0,0,0,0,0,0,0,0,0,0,0,0,-3.18888888888889,-7.52430555555556,-6.20347222222222,0,0,0,0,0,0,0,0,0,0,0,0,0,0,0,0,0,0,0,0,0,0,0,0,0,0,0,0,0,0,0,0,0,0
0,0,0,0,0,0,0,0,0,0,0,0,0,0,0,0,0,0,0,0,0,0,0,0,0,0,0,0,0,0,0,0,0,0,0,0,0,0,0,0,0,0,0,0,0,0,0,0,0,0,0,0,0,0,0,0,0,0,0,0,0,0,0,0,0,0,0,0,0,0,0,0,0,0,0,0,0,0,0,0,0,0,0,0,0,0,0,0,0,0,0,0,0,0,0,0,0,0,0,0,0,0,0,0,0,0,0,0,0,0,0,0,0,0,0,0,0,0,0,0,0,0,0,0,0,0,0,0,0,0,0,0,0,0,0,0,0,0,0,0,0,0,0,0,0,0,0,0,0,0,0,0,0,0,0,0,0,0,0,0,0,0,0
0,0,0,0,0,0,0,0,0,0,0,0,0,0,0,0,0,0,0,0,0,0,0,0,0,0,0,0,0,0,0,0,0,0,0,0,0,0,0,0,0,0,0,0,0,0,0,0,0,0,0,0,0,0,0,0,0,0,0,0,0,0,0,0,0,0,0,0,0,0,0,0,0,0,0,0,0,0,0,0,0,0,0,0,0,0,0,0,0,0,0,0,0,0,0,0,0,0,0,0,0,0,0,0,0,0,0,0,0,0,0,0,0,0,0,0,0,0,0,0,0,0,0,0,0,0,0,0,0,0,0,0,0,0,0,0,0,0,0,0,0,0,0,0,0,0,0,0,0,0,0,0,0,0,0,0,0,0,0,0,0,0,0
0,0,0,10.0598958333333,0,0,-25.7986111111111,0,0,0,0,0,0,0,0,-19.1423611111111,0,0,0,0,0,-25.0121527777778,0,0,0,0,0,0,0,0,0,0,0,0,0,0,0,0,0,0,0,0,0,0,-50.3046875,0,0,0,0,0,0,0,0,0,0,0,0,0,-27.1067708333333,0,0,0,0,0,0,0,0,113.668402777778,0,0,0,0,0,0,0,0,0,0,0,-49.1657986111111,19.3680555555556,0,0,0,2.33506944444444,0,0,0,0,0,0,0,0,-8.85850694444444,0,0,0,0,0,0,0,0,0,0,-27.7543402777778,-7.81857638888889,0,0,0,0,18.2100694444444,0,0,0,11.9288194444444,0,0,0,0,0,0,0,0,0,0,0,0,0,0,0,0,0,0,0,0,0,0,0,0,0,0,0,0,0,0,0,0,0,0,0,0,0,0,0,0,0,0,0,0,0,0,0,0
0,0,0,0,-81.1,55.41875,0,0,0,0,0,0,0,0,0,0,0,0,0,0,0,0,0,10.2395833333333,30.6916666666667,0,0,0,0,0,0,0,0,0,0,0,0,0,0,-37.975,0,0,0,0,0,0,0,0,0,0,0,0,0,0,0,-21.3875,0,0,0,-74.53125,0,0,-4.07083333333333,0,0,0,0,0,25.8354166666667,0,0,0,0,0,0,0,25.5770833333333,0,0,0,0,0,0,0,0,0,0,0,0,0,0,0,0,0,0,0,0,0,0,0,1.42708333333333,0,0,0,0,0,0,0,0,0,0,0,0,0,0,0,0,0,0,0,0,0,0,0,0,0,0,0,0,0,0,0,0,0,0,0,0,0,0,0,0,0,0,0,0,0,0,0,0,0,0,0,0,0,0,0,0,0,0,0,0,0,0
0,0,0,0,0,0,0,0,0,0,0,0,0,0,0,0,0,0,0,0,0,0,0,0,0,0,0,0,0,0,0,0,0,0,0,0,0,0,0,0,0,0,0,0,0,0,0,0,0,0,0,0,0,0,0,0,0,0,0,0,0,0,0,0,0,0,0,0,0,0,0,0,0,0,0,0,0,0,0,0,0,0,0,0,0,0,0,0,0,0,0,0,0,0,0,0,0,0,0,0,0,0,0,0,0,0,0,0,0,0,0,0,0,0,0,0,0,0,0,0,0,0,0,0,0,0,0,0,0,0,0,0,0,0,0,0,0,0,0,0,0,0,0,0,0,0,0,0,0,0,0,0,0,0,0,0,0,0,0,0,0,0,0
-61.03125,0,0,0,0,0,0,95.0625,0,0,0,0,0,0,0,0,0,0,0,0,-49.78125,0,0,0,0,0,0,0,0,0,0,-37,0,0,0,0,0,0,0,0,0,7.5625,0,0,0,0,0,0,53.1875,0,0,-69.21875,0,0,0,0,0,0,0,0,0,0,0,0,0,0,0,0,0,0,62.25,0,0,0,0,0,0,0,0,0,0,0,0,0,0,0,0,0,0,0,0,0,0,0,0,0,0,0,0,0,0,0,0,0,0,0,0,0,0,0,0,0,0,0,0,0,0,0,0,0,0,0,0,0,0,0,0,0,0,0,0,0,0,0,0,0,0,0,0,0,0,0,0,0,0,0,0,0,0,0,-22.0625,0,0,-11.625,0,0,0,0,0,0,0,0,0
0,27.6779513888889,0,0,0,0,0,0,0,0,0,0,0,21.1119791666667,0,0,0,0,0,0,0,0,0,0,0,0,0,0,0,0,0,0,0,0,0,0,0,0,0,0,0,0,-56.9409722222222,0,0,0,0,0,0,0,0,0,0,0,0,0,0,0,0,0,0,-15.9652777777778,0,-23.0269097222222,0,0,0,0,0,0,0,118.991319444444,0,0,0,0,0,0,0,0,0,-15.8559027777778,0,0,0,26.9175347222222,13.1840277777778,0,0,0,0,0,0,0,0,0,0,0,0,0,0,0,0,-22.6736111111111,0,0,0,0,0,0,0,0,0,0,0,0,0,0,0,0,0,0,0,0,0,0,0,0,0,0,0,0,0,0,0,0,0,0,0,0,0,0,0,0,0,0,0,0,0,0,0,0,0,0,0,0,0,0,0,0,0,5.25347222222222,19.5989583333333
0,0,0,0,0,0,0,0,0,0,0,0,-34.8472222222222,0,0,0,-6.02083333333333,0,0,0,0,0,0,0,0,0,0,0,0,0,0,0,0,0,0,18.1375,0,0,0,0,0,0,0,18.0208333333333,0,0,0,0,0,0,0,0,-6.99027777777778,23.4333333333333,0,0,42.5444444444444,0,0,0,0,0,0,0,0,0,0,0,0,0,0,0,54.1777777777778,20.0583333333333,0,0,0,0,0,0,0,0,0,0,0,0,0,38.4666666666667,0,0,0,0,0,0,0,0,0,0,0,0,0,0,0,0,0,0,0,0,0,0,0,4.87222222222222,0,0,0,0,-2.23194444444444,0,-32.8680555555556,0,0,0,0,0,0,0,0,0,0,0,0,0,0,0,0,0,0,0,0,0,0,0,0,0,0,0,0,0,0,0,0,0,0,0,0,0,0,0,0,0,0,0,0
0,0,0,0,0,0,0,0,0,0,0,0,-87.2222222222222,0,0,0,16.4236111111111,0,0,0,0,0,0,0,0,0,0,0,0,0,0,0,0,0,0,22.0604166666667,0,0,0,0,0,0,0,33.5069444444444,0,0,0,0,0,0,0,0,-16.3291666666667,2.09444444444444,0,0,46.9763888888889,0,0,0,0,0,0,0,0,0,0,0,0,0,0,0,20.0583333333333,56.1395833333333,0,0,0,0,0,0,0,0,0,0,0,0,0,2.34930555555556,0,0,0,0,0,0,0,0,0,0,0,0,0,0,0,0,0,0,0,0,0,0,0,-26.9,0,0,0,0,-12.1881944444444,0,-10.0729166666667,0,0,0,0,0,0,0,0,0,0,0,0,0,0,0,0,0,0,0,0,0,0,0,0,0,0,0,0,0,0,0,0,0,0,0,0,0,0,0,0,0,0,0,0
0,0,0,0,0,0,0,0,0,0,0,9.96875,0,0,0,0,0,0,0,-54.5736607142857,0,0,0,0,0,0,0,0,0,0,0,0,0,0,1.68080357142857,0,48.0959821428571,0,0,0,0,0,0,0,0,8.72991071428571,0,0,0,-28.5959821428571,0,0,0,0,0,0,0,0,0,0,8.96875,0,0,0,0,0,0,0,0,0,0,0,0,0,41.9955357142857,0,0,0,0,0,0,0,0,0,0,0,0,0,-3.06026785714286,0,0,0,0,0,0,0,26.1696428571429,0,0,0,0,0,0,0,0,0,6.03125,0,0,0,0,0,0,0,0,0,0,0,0,0,0,-19.9575892857143,0,-2.76785714285714,0,0,0,0,0,0,0,0,0,0,0,0,0,0,0,0,0,0,0,0,0,0,0,0,0,0,0,0,0,0,0,0,0,0,0,0,0,0,0
0,0,0,0,0,0,0,0,0,0,0,0,0,0,45.6082589285714,0,0,20.6986607142857,0,0,0,0,-20.0959821428571,0,0,0,0,0,0,0,0,0,0,0,0,0,0,-154.190848214286,-35.1729910714286,0,0,0,0,0,0,0,0,-46.5948660714286,0,0,0,0,0,0,14.5167410714286,0,0,-32.015625,0,0,0,0,0,0,0,0,0,0,0,0,0,0,0,0,0,131.811383928571,0,0,0,0,0,0,45.4319196428571,0,0,0,0,0,0,0,0,0,0,0,0,0,0,0,0,0,0,0,0,0,0,0,0,0,0,0,0,0,0,0,0,0,0,0,0,0,0,0,0,0,0,0,0,0,0,0,0,0,0,0,6.74330357142857,0,0,0,0,0,0,0,0,0,0,0,0,0,0,0,0,0,0,0,0,0,0,0,0,0,0,0,0
0,0,0,0,-178.45,-1.48125,0,0,0,0,0,0,0,0,0,0,0,0,0,0,0,0,0,4.88541666666667,90.5833333333333,0,0,0,0,0,0,0,0,0,0,0,0,0,0,-0.6125,0,0,0,0,0,0,0,0,0,0,0,0,0,0,0,-35.5875,0,0,0,-88.59375,0,0,-37.6291666666667,0,0,0,0,0,25.5770833333333,0,0,0,0,0,0,0,78.9104166666667,0,0,0,0,0,0,0,0,0,0,0,0,0,0,0,0,0,0,0,0,0,0,0,13.6229166666667,0,0,0,0,0,0,0,0,0,0,0,0,0,0,0,0,0,0,0,0,0,0,0,0,0,0,0,0,0,0,0,0,0,0,0,0,0,0,0,0,0,0,0,0,0,0,0,0,0,0,0,0,0,0,0,0,0,0,0,0,0,0
0,0,0,0,0,0,0,0,0,0,0,0,0,0,0,0,0,0,0,0,0,0,0,0,0,0,0,0,0,0,0,0,0,0,0,0,0,0,0,0,0,0,0,0,0,0,0,0,0,0,0,0,0,0,0,0,0,0,0,0,0,0,0,0,0,0,0,0,0,0,0,0,0,0,0,0,0,0,0,0,0,0,0,0,0,0,0,0,0,0,0,0,0,0,0,0,0,0,0,0,0,0,0,0,0,0,0,0,0,0,0,0,0,0,0,0,0,0,0,0,0,0,0,0,0,0,0,0,0,0,0,0,0,0,0,0,0,0,0,0,0,0,0,0,0,0,0,0,0,0,0,0,0,0,0,0,0,0,0,0,0,0,0
0,0,-39.6339285714286,0,0,0,0,0,0,0,0,0,0,0,0,0,0,0,11.0625,0,0,0,0,0,0,0,0,0,0,0,0,0,-19.4553571428571,-1.125,0,0,0,0,0,0,0,0,0,0,0,0,0,0,0,0,0,0,0,0,0,0,0,0,0,0,0,0,0,0,0,0,0,0,0,0,0,0,0,0,0,0,0,0,31.5,0,0,0,0,0,0,0,0,0,0,0,0,0,-4.88392857142857,0,0,0,0,0,0,0,0,0,13.5,0,0,0,0,0,-1.04464285714286,0,0,0,0,16.2767857142857,0,0,0,0,0,0,0,0,0,0,0,0,0,0,0,0,0,0,0,0,0,0,0,0,0,0,0,0,0,6.24107142857143,0,0,6.55357142857143,-7.00892857142857,0,5.25892857142857,0,0,0,0,0,0,0,0,0,0,0,0,0
0,0,0,-226.364583333333,0,0,-89.8524305555556,0,0,0,0,0,0,0,0,-4.89149305555556,0,0,0,0,0,42.7361111111111,0,0,0,0,0,0,0,0,0,0,0,0,0,0,0,0,0,0,0,0,0,0,-17.5,0,0,0,0,0,0,0,0,0,0,0,0,0,31.9114583333333,0,0,0,0,0,0,0,0,-49.1657986111111,0,0,0,0,0,0,0,0,0,0,0,163.710069444444,20.6605902777778,0,0,0,34.3315972222222,0,0,0,0,0,0,0,0,-13.8081597222222,0,0,0,0,0,0,0,0,0,0,15.8532986111111,2.78211805555556,0,0,0,0,21.9800347222222,0,0,0,-14.9730902777778,0,0,0,0,0,0,0,0,0,0,0,0,0,0,0,0,0,0,0,0,0,0,0,0,0,0,0,0,0,0,0,0,0,0,0,0,0,0,0,0,0,0,0,0,0,0,0,0
0,0,0,-31.2473958333333,0,0,-22.2612847222222,0,0,0,0,0,0,0,0,-19.8394097222222,0,0,0,0,0,2.24913194444444,0,0,0,0,0,0,0,0,0,0,0,0,0,0,0,0,0,0,0,0,0,0,-13.90625,0,0,0,0,0,0,0,0,0,0,0,0,0,9.09895833333333,0,0,0,0,0,0,0,0,19.3680555555556,0,0,0,0,0,0,0,0,0,0,0,20.6605902777778,28.4548611111111,0,0,0,4.95920138888889,0,0,0,0,0,0,0,0,-3.34982638888889,0,0,0,0,0,0,0,0,0,0,25.0225694444444,-9.37152777777778,0,0,0,0,-2.97829861111111,0,0,0,-1.49392361111111,0,0,0,0,0,0,0,0,0,0,0,0,0,0,0,0,0,0,0,0,0,0,0,0,0,0,0,0,0,0,0,0,0,0,0,0,0,0,0,0,0,0,0,0,0,0,0,0
0,12.4600694444444,0,0,0,0,0,0,0,0,0,0,0,-21.2604166666667,0,0,0,0,0,0,0,0,0,0,0,0,0,0,0,0,0,0,0,0,0,0,0,0,0,0,0,0,-36.3845486111111,0,0,0,0,0,0,0,0,0,0,0,0,0,0,0,0,0,0,1.26736111111111,0,35.2873263888889,0,0,0,0,0,0,0,-15.8559027777778,0,0,0,0,0,0,0,0,0,30.6111111111111,0,0,0,-21.0373263888889,-23.6111111111111,0,0,0,0,0,0,0,0,0,0,0,0,0,0,0,0,22.5069444444444,0,0,0,0,0,0,0,0,0,0,0,0,0,0,0,0,0,0,0,0,0,0,0,0,0,0,0,0,0,0,0,0,0,0,0,0,0,0,0,0,0,0,0,0,0,0,0,0,0,0,0,0,0,0,0,0,0,1.14236111111111,1.41666666666667
0,0,0,0,0,0,0,0,0,0,0,0,0,0,93.7198660714286,0,0,-15.5602678571429,0,0,0,0,41.8683035714286,0,0,0,0,0,0,0,0,0,0,0,0,0,0,-95.1238839285714,-104.427455357143,0,0,0,0,0,0,0,0,-45.7600446428571,0,0,0,0,0,0,87.3694196428571,0,0,-55.1941964285714,0,0,0,0,0,0,0,0,0,0,0,0,0,0,0,0,0,45.4319196428571,0,0,0,0,0,0,147.766741071429,0,0,0,0,0,0,0,0,0,0,0,0,0,0,0,0,0,0,0,0,0,0,0,0,0,0,0,0,0,0,0,0,0,0,0,0,0,0,0,0,0,0,0,0,0,0,0,0,0,0,0,1.07366071428571,0,0,0,0,0,0,0,0,0,0,0,0,0,0,0,0,0,0,0,0,0,0,0,0,0,0,0,0
0,0,0,0,0,0,0,0,0,0,0,0,0,0,0,0,0,0,0,0,0,0,0,0,0,0,0,0,0,0,0,0,0,0,0,0,0,0,0,0,0,0,0,0,0,0,0,0,0,0,0,0,0,0,0,0,0,0,0,0,0,0,0,0,0,0,0,0,0,0,0,0,0,0,0,0,0,0,0,0,0,0,0,0,0,0,0,0,0,0,0,0,0,0,0,0,0,0,0,0,0,0,0,0,0,0,0,0,0,0,0,0,0,0,0,0,0,0,0,0,0,0,0,0,0,0,0,0,0,0,0,0,0,0,0,0,0,0,0,0,0,0,0,0,0,0,0,0,0,0,0,0,0,0,0,0,0,0,0,0,0,0,0
0,0,0,9.63020833333333,0,0,-70.8246527777778,0,0,0,0,0,0,0,0,-73.4574652777778,0,0,0,0,0,6.59461805555556,0,0,0,0,0,0,0,0,0,0,0,0,0,0,0,0,0,0,0,0,0,0,4.546875,0,0,0,0,0,0,0,0,0,0,0,0,0,48.0260416666667,0,0,0,0,0,0,0,0,2.33506944444444,0,0,0,0,0,0,0,0,0,0,0,34.3315972222222,4.95920138888889,0,0,0,62.0798611111111,0,0,0,0,0,0,0,0,-16.1657986111111,0,0,0,0,0,0,0,0,0,0,-42.0538194444444,-3.81597222222222,0,0,0,0,21.7282986111111,0,0,0,12.9314236111111,0,0,0,0,0,0,0,0,0,0,0,0,0,0,0,0,0,0,0,0,0,0,0,0,0,0,0,0,0,0,0,0,0,0,0,0,0,0,0,0,0,0,0,0,0,0,0,0
0,-6.97743055555556,0,0,0,0,0,0,0,0,0,0,0,-15.0026041666667,0,0,0,0,0,0,0,0,0,0,0,0,0,0,0,0,0,0,0,0,0,0,0,0,0,0,0,0,1.79513888888889,0,0,0,0,0,0,0,0,0,0,0,0,0,0,0,0,0,0,10.5173611111111,0,-43.2986111111111,0,0,0,0,0,0,0,26.9175347222222,0,0,0,0,0,0,0,0,0,-21.0373263888889,0,0,0,52.8767361111111,22.5451388888889,0,0,0,0,0,0,0,0,0,0,0,0,0,0,0,0,-17.7196180555556,0,0,0,0,0,0,0,0,0,0,0,0,0,0,0,0,0,0,0,0,0,0,0,0,0,0,0,0,0,0,0,0,0,0,0,0,0,0,0,0,0,0,0,0,0,0,0,0,0,0,0,0,0,0,0,0,0,4.84548611111111,27.6666666666667
0,2.41493055555556,0,0,0,0,0,0,0,0,0,0,0,-19.4895833333333,0,0,0,0,0,0,0,0,0,0,0,0,0,0,0,0,0,0,0,0,0,0,0,0,0,0,0,0,3.12673611111111,0,0,0,0,0,0,0,0,0,0,0,0,0,0,0,0,0,0,-1.58767361111111,0,-38.7482638888889,0,0,0,0,0,0,0,13.1840277777778,0,0,0,0,0,0,0,0,0,-23.6111111111111,0,0,0,22.5451388888889,49.8298611111111,0,0,0,0,0,0,0,0,0,0,0,0,0,0,0,0,-20.0381944444444,0,0,0,0,0,0,0,0,0,0,0,0,0,0,0,0,0,0,0,0,0,0,0,0,0,0,0,0,0,0,0,0,0,0,0,0,0,0,0,0,0,0,0,0,0,0,0,0,0,0,0,0,0,0,0,0,0,-4.30642361111111,2.76302083333333
0,0,0,0,0,0,0,0,0,0,0,0,9.25,0,0,0,-1.06944444444444,0,0,0,0,0,0,0,0,0,0,0,0,0,0,0,0,0,0,5.85486111111111,0,0,0,0,0,0,0,-0.534722222222222,0,0,0,0,0,0,0,0,14.0611111111111,25.2763888888889,0,0,36.4430555555556,0,0,0,0,0,0,0,0,0,0,0,0,0,0,0,38.4666666666667,2.34930555555556,0,0,0,0,0,0,0,0,0,0,0,0,0,48.1590277777778,0,0,0,0,0,0,0,0,0,0,0,0,0,0,0,0,0,0,0,0,0,0,0,-8.18611111111111,0,0,0,0,3.94236111111111,0,-41.1979166666667,0,0,0,0,0,0,0,0,0,0,0,0,0,0,0,0,0,0,0,0,0,0,0,0,0,0,0,0,0,0,0,0,0,0,0,0,0,0,0,0,0,0,0,0
0,0,0,0,0,0,0,0,0,0,0,7.14508928571429,0,0,0,0,0,0,0,24.0100446428571,0,0,0,0,0,0,0,0,0,0,0,0,0,0,12.5301339285714,0,-18.7622767857143,0,0,0,0,0,0,0,0,-41.4051339285714,0,0,0,-36.3671875,0,0,0,0,0,0,0,0,0,0,15.1227678571429,0,0,0,0,0,0,0,0,0,0,0,0,0,-3.06026785714286,0,0,0,0,0,0,0,0,0,0,0,0,0,94.2042410714286,0,0,0,0,0,0,0,13.5,0,0,0,0,0,0,0,0,0,10.4709821428571,0,0,0,0,0,0,0,0,0,0,0,0,0,0,3.97879464285714,0,27.4196428571429,0,0,0,0,0,0,0,0,0,0,0,0,0,0,0,0,0,0,0,0,0,0,0,0,0,0,0,0,0,0,0,0,0,0,0,0,0,0,0
0,0,0,0,0,0,0,0,-52.2777777777778,0,-46.8784722222222,0,0,0,0,0,0,0,0,0,0,0,0,0,0,0,-121.981944444444,0,0,31.5784722222222,53.0736111111111,0,0,0,0,0,0,0,0,0,0,0,0,0,0,0,0,0,0,0,0,0,0,0,0,0,0,0,0,0,0,0,0,0,-7.70763888888889,0,0,0,0,0,0,0,0,0,0,0,0,0,0,0,0,0,0,0,0,0,0,0,0,130.070138888889,32.8680555555556,0,0,0,0,0,0,0,1.31875,0,0,0,0,0,0,0,0,0,0,0,0,0,0,0,0,0,0,0,0,0,0,0,0,0,0,0,-2.85555555555556,-5.67013888888889,22.45625,0,0,0,0,0,0,0,0,0,0,0,0,0,0,0,0,0,0,0,0,0,0,0,0,0,0,0,0,0,0,0,0,0,0
0,0,0,0,0,0,0,0,-58.2847222222222,0,-5.79861111111111,0,0,0,0,0,0,0,0,0,0,0,0,0,0,0,-56.8611111111111,0,0,-28.0694444444444,43.3194444444444,0,0,0,0,0,0,0,0,0,0,0,0,0,0,0,0,0,0,0,0,0,0,0,0,0,0,0,0,0,0,0,0,0,6.72222222222222,0,0,0,0,0,0,0,0,0,0,0,0,0,0,0,0,0,0,0,0,0,0,0,0,32.8680555555556,103.777777777778,0,0,0,0,0,0,0,-0.875,0,0,0,0,0,0,0,0,0,0,0,0,0,0,0,0,0,0,0,0,0,0,0,0,0,0,0,2.77777777777778,4.46527777777778,18.2916666666667,0,0,0,0,0,0,0,0,0,0,0,0,0,0,0,0,0,0,0,0,0,0,0,0,0,0,0,0,0,0,0,0,0,0
0,0,0,0,0,0,0,0,0,0,0,0,0,0,0,0,0,0,0,0,0,0,0,0,0,0,0,0,0,0,0,0,0,0,0,0,0,0,0,0,0,0,0,0,0,0,0,0,0,0,0,0,0,0,0,0,0,0,0,0,0,0,0,0,0,0,0,0,0,0,0,0,0,0,0,0,0,0,0,0,0,0,0,0,0,0,0,0,0,0,0,0,0,0,0,0,0,0,0,0,0,0,0,0,0,0,0,0,0,0,0,0,0,0,0,0,0,0,0,0,0,0,0,0,0,0,0,0,0,0,0,0,0,0,0,0,0,0,0,0,0,0,0,0,0,0,0,0,0,0,0,0,0,0,0,0,0,0,0,0,0,0,0
0,0,22.1160714285714,0,0,0,0,0,0,0,0,0,0,0,0,0,0,0,13.4241071428571,0,0,0,0,0,0,0,0,0,0,0,0,0,5.74553571428571,-35.3125,0,0,0,0,0,0,0,0,0,0,0,0,0,0,0,0,0,0,0,0,0,0,0,0,0,0,0,0,0,0,0,0,0,0,0,0,0,0,0,0,0,0,0,0,-4.88392857142857,0,0,0,0,0,0,0,0,0,0,0,0,0,66.3392857142857,0,0,0,0,0,0,0,0,0,-58.2991071428571,0,0,0,0,0,-20.4196428571429,0,0,0,0,-13.7633928571429,0,0,0,0,0,0,0,0,0,0,0,0,0,0,0,0,0,0,0,0,0,0,0,0,0,0,0,0,0,7.52232142857143,0,0,-11.125,-13.1116071428571,0,4.16517857142857,0,0,0,0,0,0,0,0,0,0,0,0,0
0,0,0,15.9088541666667,0,0,-2.57378472222222,0,0,0,0,0,0,0,0,-15.4565972222222,0,0,0,0,0,1.93663194444444,0,0,0,0,0,0,0,0,0,0,0,0,0,0,0,0,0,0,0,0,0,0,-6.1953125,0,0,0,0,0,0,0,0,0,0,0,0,0,-13.1432291666667,0,0,0,0,0,0,0,0,-8.85850694444444,0,0,0,0,0,0,0,0,0,0,0,-13.8081597222222,-3.34982638888889,0,0,0,-16.1657986111111,0,0,0,0,0,0,0,0,13.4236111111111,0,0,0,0,0,0,0,0,0,0,6.61631944444444,13.4800347222222,0,0,0,0,-1.04861111111111,0,0,0,9.04513888888889,0,0,0,0,0,0,0,0,0,0,0,0,0,0,0,0,0,0,0,0,0,0,0,0,0,0,0,0,0,0,0,0,0,0,0,0,0,0,0,0,0,0,0,0,0,0,0,0
0,0,0,0,0,0,0,0,0,0,0,0,0,0,0,0,0,0,0,0,0,0,0,0,0,0,0,0,0,0,0,0,0,0,0,0,0,0,0,0,0,0,0,0,0,0,0,0,0,0,0,0,0,0,0,0,0,0,0,0,0,0,0,0,0,0,0,0,0,0,0,0,0,0,0,0,0,0,0,0,0,0,0,0,0,0,0,0,0,0,0,0,0,0,0,0,0,0,0,0,0,0,0,0,0,0,0,0,0,0,0,0,0,0,0,0,0,0,0,0,0,0,0,0,0,0,0,0,0,0,0,0,0,0,0,0,0,0,0,0,0,0,0,0,0,0,0,0,0,0,0,0,0,0,0,0,0,0,0,0,0,0,0
0,0,0,0,0,0,0,0,0,0,0,0,0,0,0,0,0,0,0,0,0,0,0,0,0,0,0,0,0,0,0,0,0,0,0,0,0,0,0,0,0,0,0,0,0,0,0,0,0,0,0,0,0,0,0,0,0,0,0,0,0,0,0,0,0,0,0,0,0,0,0,0,0,0,0,0,0,0,0,0,0,0,0,0,0,0,0,0,0,0,0,0,0,0,0,0,0,0,0,0,0,0,0,0,0,0,0,0,0,0,0,0,0,0,0,0,0,0,0,0,0,0,0,0,0,0,0,0,0,0,0,0,0,0,0,0,0,0,0,0,0,0,0,0,0,0,0,0,0,0,0,0,0,0,0,0,0,0,0,0,0,0,0
0,0,0,0,0,0,0,0,0,0,0,15.4196428571429,0,0,0,0,0,0,0,-73.3839285714286,0,0,0,0,0,0,0,0,0,0,0,0,0,0,-3.21428571428571,0,-1.53571428571429,0,0,0,0,0,0,0,0,-33.8214285714286,0,0,0,-69.1875,0,0,0,0,0,0,0,0,0,0,35.2946428571429,0,0,0,0,0,0,0,0,0,0,0,0,0,26.1696428571429,0,0,0,0,0,0,0,0,0,0,0,0,0,13.5,0,0,0,0,0,0,0,128.910714285714,0,0,0,0,0,0,0,0,0,10.5,0,0,0,0,0,0,0,0,0,0,0,0,0,0,13.6607142857143,0,10.0714285714286,0,0,0,0,0,0,0,0,0,0,0,0,0,0,0,0,0,0,0,0,0,0,0,0,0,0,0,0,0,0,0,0,0,0,0,0,0,0,0
0,0,0,0,0,0,0,0,0,0,0,0,0,0,0,0,0,0,0,0,0,0,0,0,0,0,0,0,0,0,0,0,0,0,0,0,0,0,0,0,0,0,0,0,0,0,0,0,0,0,0,0,0,0,0,0,0,0,0,0,0,0,0,0,0,0,0,0,0,0,0,0,0,0,0,0,0,0,0,0,0,0,0,0,0,0,0,0,0,0,0,0,0,0,0,0,0,0,0,0,0,0,0,0,0,0,0,0,0,0,0,0,0,0,0,0,0,0,0,0,0,0,0,0,0,0,0,0,0,0,0,0,0,0,0,0,0,0,0,0,0,0,0,0,0,0,0,0,0,0,0,0,0,0,0,0,0,0,0,0,0,0,0
0,0,0,0,0,0,0,0,-0.229166666666667,0,0.260416666666667,0,0,0,0,0,0,0,0,0,0,0,0,0,0,0,-1.94166666666667,0,0,0.289583333333333,-0.358333333333333,0,0,0,0,0,0,0,0,0,0,0,0,0,0,0,0,0,0,0,0,0,0,0,0,0,0,0,0,0,0,0,0,0,-0.24375,0,0,0,0,0,0,0,0,0,0,0,0,0,0,0,0,0,0,0,0,0,0,0,0,1.31875,-0.875,0,0,0,0,0,0,0,0.05625,0,0,0,0,0,0,0,0,0,0,0,0,0,0,0,0,0,0,0,0,0,0,0,0,0,0,0,-0.0333333333333333,-0.135416666666667,0.189583333333333,0,0,0,0,0,0,0,0,0,0,0,0,0,0,0,0,0,0,0,0,0,0,0,0,0,0,0,0,0,0,0,0,0,0
0,0,0,0,0,0,0,0,0,0,0,0,0,0,0,0,0,0,0,0,0,0,0,0,0,0,0,0,0,0,0,0,0,0,0,0,0,0,0,0,0,0,0,0,0,0,0,0,0,0,0,0,0,0,0,0,0,0,0,0,0,0,0,0,0,0,0,0,0,0,0,0,0,0,0,0,0,0,0,0,0,0,0,0,0,0,0,0,0,0,0,0,0,0,0,0,0,0,0,0,0,0,0,0,0,0,0,0,0,0,0,0,0,0,0,0,0,0,0,0,0,0,0,0,0,0,0,0,0,0,0,0,0,0,0,0,0,0,0,0,0,0,0,0,0,0,0,0,0,0,0,0,0,0,0,0,0,0,0,0,0,0,0
0,0,0,0,-45.125,15.79375,0,0,0,0,0,0,0,0,0,0,0,0,0,0,0,0,0,9.84791666666667,6.03333333333333,0,0,0,0,0,0,0,0,0,0,0,0,0,0,19.0375,0,0,0,0,0,0,0,0,0,0,0,0,0,0,0,-17.55,0,0,0,-5.625,0,0,-27.9791666666667,0,0,0,0,0,1.42708333333333,0,0,0,0,0,0,0,13.6229166666667,0,0,0,0,0,0,0,0,0,0,0,0,0,0,0,0,0,0,0,0,0,0,0,22.0354166666667,0,0,0,0,0,0,0,0,0,0,0,0,0,0,0,0,0,0,0,0,0,0,0,0,0,0,0,0,0,0,0,0,0,0,0,0,0,0,0,0,0,0,0,0,0,0,0,0,0,0,0,0,0,0,0,0,0,0,0,0,0,0
0,0,0,0,0,0,0,0,0,0,0,0,0,0,0,0,0,0,0,0,0,0,0,0,0,0,0,0,0,0,0,0,0,0,0,0,0,0,0,0,0,0,0,0,0,0,0,0,0,0,0,0,0,0,0,0,0,0,0,0,0,0,0,0,0,0,0,0,0,0,0,0,0,0,0,0,0,0,0,0,0,0,0,0,0,0,0,0,0,0,0,0,0,0,0,0,0,0,0,0,0,0,0,0,0,0,0,0,0,0,0,0,0,0,0,0,0,0,0,0,0,0,0,0,0,0,0,0,0,0,0,0,0,0,0,0,0,0,0,0,0,0,0,0,0,0,0,0,0,0,0,0,0,0,0,0,0,0,0,0,0,0,0
0,0,-13.21875,0,0,0,0,0,0,0,0,0,0,0,0,0,0,0,-41.1908482142857,0,0,0,0,0,0,0,0,0,0,0,0,0,-2.0546875,41.7366071428571,0,0,0,0,0,0,0,0,0,0,0,0,0,0,0,0,0,0,0,0,0,0,0,0,0,0,0,0,0,0,0,0,0,0,0,0,0,0,0,0,0,0,0,0,13.5,0,0,0,0,0,0,0,0,0,0,0,0,0,-58.2991071428571,0,0,0,0,0,0,0,0,0,64.6595982142857,0,0,0,0,0,8.24776785714286,0,0,0,0,19.9988839285714,0,0,0,0,0,0,0,0,0,0,0,0,0,0,0,0,0,0,0,0,0,0,0,0,0,0,0,0,0,-5.46540178571429,0,0,15.1205357142857,4.59486607142857,0,-4.6015625,0,0,0,0,0,0,0,0,0,0,0,0,0
0,8.35590277777778,0,0,0,0,0,0,0,0,0,0,0,-11.6197916666667,0,0,0,0,0,0,0,0,0,0,0,0,0,0,0,0,0,0,0,0,0,0,0,0,0,0,0,0,-23.0928819444444,0,0,0,0,0,0,0,0,0,0,0,0,0,0,0,0,0,0,1.81944444444444,0,25.5477430555556,0,0,0,0,0,0,0,-22.6736111111111,0,0,0,0,0,0,0,0,0,22.5069444444444,0,0,0,-17.7196180555556,-20.0381944444444,0,0,0,0,0,0,0,0,0,0,0,0,0,0,0,0,20.1527777777778,0,0,0,0,0,0,0,0,0,0,0,0,0,0,0,0,0,0,0,0,0,0,0,0,0,0,0,0,0,0,0,0,0,0,0,0,0,0,0,0,0,0,0,0,0,0,0,0,0,0,0,0,0,0,0,0,0,0.725694444444444,-0.0208333333333333
0,0,0,-57.5598958333333,0,0,143.298611111111,0,0,0,0,0,0,0,0,102.048611111111,0,0,0,0,0,10.3637152777778,0,0,0,0,0,0,0,0,0,0,0,0,0,0,0,0,0,0,0,0,0,0,-18.390625,0,0,0,0,0,0,0,0,0,0,0,0,0,-44.1119791666667,0,0,0,0,0,0,0,0,-27.7543402777778,0,0,0,0,0,0,0,0,0,0,0,15.8532986111111,25.0225694444444,0,0,0,-42.0538194444444,0,0,0,0,0,0,0,0,6.61631944444444,0,0,0,0,0,0,0,0,0,0,104.105902777778,-9.47048611111111,0,0,0,0,-25.5772569444444,0,0,0,-27.8116319444444,0,0,0,0,0,0,0,0,0,0,0,0,0,0,0,0,0,0,0,0,0,0,0,0,0,0,0,0,0,0,0,0,0,0,0,0,0,0,0,0,0,0,0,0,0,0,0,0
0,0,0,-5.80729166666667,0,0,-33.3116319444444,0,0,0,0,0,0,0,0,-22.9756944444444,0,0,0,0,0,5.14670138888889,0,0,0,0,0,0,0,0,0,0,0,0,0,0,0,0,0,0,0,0,0,0,-18.7734375,0,0,0,0,0,0,0,0,0,0,0,0,0,-27.0286458333333,0,0,0,0,0,0,0,0,-7.81857638888889,0,0,0,0,0,0,0,0,0,0,0,2.78211805555556,-9.37152777777778,0,0,0,-3.81597222222222,0,0,0,0,0,0,0,0,13.4800347222222,0,0,0,0,0,0,0,0,0,0,-9.47048611111111,29.7569444444444,0,0,0,0,15.3793402777778,0,0,0,17.9887152777778,0,0,0,0,0,0,0,0,0,0,0,0,0,0,0,0,0,0,0,0,0,0,0,0,0,0,0,0,0,0,0,0,0,0,0,0,0,0,0,0,0,0,0,0,0,0,0,0
0,0,0,0,0,0,0,0,0,0,0,3.66517857142857,0,0,0,0,0,0,0,-16.8013392857143,0,0,0,0,0,0,0,0,0,0,0,0,0,0,-3.85044642857143,0,21.4040178571429,0,0,0,0,0,0,0,0,7.02008928571429,0,0,0,12.4620535714286,0,0,0,0,0,0,0,0,0,0,-4.31696428571429,0,0,0,0,0,0,0,0,0,0,0,0,0,6.03125,0,0,0,0,0,0,0,0,0,0,0,0,0,10.4709821428571,0,0,0,0,0,0,0,10.5,0,0,0,0,0,0,0,0,0,13.6741071428571,0,0,0,0,0,0,0,0,0,0,0,0,0,0,-7.44419642857143,0,1.80357142857143,0,0,0,0,0,0,0,0,0,0,0,0,0,0,0,0,0,0,0,0,0,0,0,0,0,0,0,0,0,0,0,0,0,0,0,0,0,0,0
0,0,0,0,0,0,0,0,0,0,0,0,0,0,0,0,0,0,0,0,0,0,0,0,0,0,0,0,0,0,0,0,0,0,0,0,0,0,0,0,0,0,0,0,0,0,0,0,0,0,0,0,0,0,0,0,0,0,0,0,0,0,0,0,0,0,0,0,0,0,0,0,0,0,0,0,0,0,0,0,0,0,0,0,0,0,0,0,0,0,0,0,0,0,0,0,0,0,0,0,0,0,0,0,0,0,0,0,0,0,0,0,0,0,0,0,0,0,0,0,0,0,0,0,0,0,0,0,0,0,0,0,0,0,0,0,0,0,0,0,0,0,0,0,0,0,0,0,0,0,0,0,0,0,0,0,0,0,0,0,0,0,0
0,0,-50.6964285714286,0,0,0,0,0,0,0,0,0,0,0,0,0,0,0,11.8950892857143,0,0,0,0,0,0,0,0,0,0,0,0,0,-20.9308035714286,-60.1964285714286,0,0,0,0,0,0,0,0,0,0,0,0,0,0,0,0,0,0,0,0,0,0,0,0,0,0,0,0,0,0,0,0,0,0,0,0,0,0,0,0,0,0,0,0,-1.04464285714286,0,0,0,0,0,0,0,0,0,0,0,0,0,-20.4196428571429,0,0,0,0,0,0,0,0,0,8.24776785714286,0,0,0,0,0,62.4776785714286,0,0,0,0,5.86383928571429,0,0,0,0,0,0,0,0,0,0,0,0,0,0,0,0,0,0,0,0,0,0,0,0,0,0,0,0,0,17.8549107142857,0,0,-0.6875,-1.16741071428571,0,8.07366071428571,0,0,0,0,0,0,0,0,0,0,0,0,0
0,0,0,0,0,0,0,0,0,0,0,0,0,0,0,0,0,0,0,0,0,0,0,0,0,0,0,0,0,0,0,0,0,0,0,0,0,0,0,0,0,0,0,0,0,0,0,0,0,0,0,0,0,0,0,0,0,0,0,0,0,0,0,0,0,0,0,0,0,0,0,0,0,0,0,0,0,0,0,0,0,0,0,0,0,0,0,0,0,0,0,0,0,0,0,0,0,0,0,0,0,0,0,0,0,0,0,0,0,0,0,0,0,0,0,0,0,0,0,0,0,0,0,0,0,0,0,0,0,0,0,0,0,0,0,0,0,0,0,0,0,0,0,0,0,0,0,0,0,0,0,0,0,0,0,0,0,0,0,0,0,0,0
0,0,0,-49.2916666666667,0,0,-3.40277777777778,0,0,0,0,0,0,0,0,-27.7699652777778,0,0,0,0,0,13.2196180555556,0,0,0,0,0,0,0,0,0,0,0,0,0,0,0,0,0,0,0,0,0,0,-49.234375,0,0,0,0,0,0,0,0,0,0,0,0,0,-15.4583333333333,0,0,0,0,0,0,0,0,18.2100694444444,0,0,0,0,0,0,0,0,0,0,0,21.9800347222222,-2.97829861111111,0,0,0,21.7282986111111,0,0,0,0,0,0,0,0,-1.04861111111111,0,0,0,0,0,0,0,0,0,0,-25.5772569444444,15.3793402777778,0,0,0,0,35.8298611111111,0,0,0,14.7673611111111,0,0,0,0,0,0,0,0,0,0,0,0,0,0,0,0,0,0,0,0,0,0,0,0,0,0,0,0,0,0,0,0,0,0,0,0,0,0,0,0,0,0,0,0,0,0,0,0
0,0,0,0,0,0,0,0,0,0,0,0,-6.54861111111111,0,0,0,-22.0555555555556,0,0,0,0,0,0,0,0,0,0,0,0,0,0,0,0,0,0,10.4291666666667,0,0,0,0,0,0,0,-58.4027777777778,0,0,0,0,0,0,0,0,-32.6222222222222,44.7041666666667,0,0,-54.2541666666667,0,0,0,0,0,0,0,0,0,0,0,0,0,0,0,4.87222222222222,-26.9,0,0,0,0,0,0,0,0,0,0,0,0,0,-8.18611111111111,0,0,0,0,0,0,0,0,0,0,0,0,0,0,0,0,0,0,0,0,0,0,0,87.6777777777778,0,0,0,0,20.6569444444444,0,26.6736111111111,0,0,0,0,0,0,0,0,0,0,0,0,0,0,0,0,0,0,0,0,0,0,0,0,0,0,0,0,0,0,0,0,0,0,0,0,0,0,0,0,0,0,0,0
0,0,0,0,0,0,0,0,0,0,0,0,0,0,0,0,0,0,0,0,0,0,0,0,0,0,0,0,0,0,0,0,0,0,0,0,0,0,0,0,0,0,0,0,0,0,0,0,0,0,0,0,0,0,0,0,0,0,0,0,0,0,0,0,0,0,0,0,0,0,0,0,0,0,0,0,0,0,0,0,0,0,0,0,0,0,0,0,0,0,0,0,0,0,0,0,0,0,0,0,0,0,0,0,0,0,0,0,0,0,0,0,0,0,0,0,0,0,0,0,0,0,0,0,0,0,0,0,0,0,0,0,0,0,0,0,0,0,0,0,0,0,0,0,0,0,0,0,0,0,0,0,0,0,0,0,0,0,0,0,0,0,0
0,0,-24.2544642857143,0,0,0,0,0,0,0,0,0,0,0,0,0,0,0,-28.6997767857143,0,0,0,0,0,0,0,0,0,0,0,0,0,1.0078125,-10.8883928571429,0,0,0,0,0,0,0,0,0,0,0,0,0,0,0,0,0,0,0,0,0,0,0,0,0,0,0,0,0,0,0,0,0,0,0,0,0,0,0,0,0,0,0,0,16.2767857142857,0,0,0,0,0,0,0,0,0,0,0,0,0,-13.7633928571429,0,0,0,0,0,0,0,0,0,19.9988839285714,0,0,0,0,0,5.86383928571429,0,0,0,0,32.6060267857143,0,0,0,0,0,0,0,0,0,0,0,0,0,0,0,0,0,0,0,0,0,0,0,0,0,0,0,0,0,9.23995535714286,0,0,8.29910714285714,11.9341517857143,0,1.00558035714286,0,0,0,0,0,0,0,0,0,0,0,0,0
0,0,0,55.4270833333333,0,0,-84.4965277777778,0,0,0,0,0,0,0,0,-122.910590277778,0,0,0,0,0,11.3914930555556,0,0,0,0,0,0,0,0,0,0,0,0,0,0,0,0,0,0,0,0,0,0,-6.359375,0,0,0,0,0,0,0,0,0,0,0,0,0,17.4166666666667,0,0,0,0,0,0,0,0,11.9288194444444,0,0,0,0,0,0,0,0,0,0,0,-14.9730902777778,-1.49392361111111,0,0,0,12.9314236111111,0,0,0,0,0,0,0,0,9.04513888888889,0,0,0,0,0,0,0,0,0,0,-27.8116319444444,17.9887152777778,0,0,0,0,14.7673611111111,0,0,0,40.8298611111111,0,0,0,0,0,0,0,0,0,0,0,0,0,0,0,0,0,0,0,0,0,0,0,0,0,0,0,0,0,0,0,0,0,0,0,0,0,0,0,0,0,0,0,0,0,0,0,0
0,0,0,0,0,0,0,0,0,0,0,0,0,0,0,0,0,0,0,0,0,0,0,0,0,0,0,0,0,0,0,0,0,0,0,0,0,0,0,0,0,0,0,0,0,0,0,0,0,0,0,0,0,0,0,0,0,0,0,0,0,0,0,0,0,0,0,0,0,0,0,0,0,0,0,0,0,0,0,0,0,0,0,0,0,0,0,0,0,0,0,0,0,0,0,0,0,0,0,0,0,0,0,0,0,0,0,0,0,0,0,0,0,0,0,0,0,0,0,0,0,0,0,0,0,0,0,0,0,0,0,0,0,0,0,0,0,0,0,0,0,0,0,0,0,0,0,0,0,0,0,0,0,0,0,0,0,0,0,0,0,0,0
0,0,0,0,0,0,0,0,0,0,0,0,-4.09027777777778,0,0,0,-32.0833333333333,0,0,0,0,0,0,0,0,0,0,0,0,0,0,0,0,0,0,-5.54652777777778,0,0,0,0,0,0,0,-37.3125,0,0,0,0,0,0,0,0,-27.8583333333333,8.50277777777778,0,0,-2.8375,0,0,0,0,0,0,0,0,0,0,0,0,0,0,0,-2.23194444444444,-12.1881944444444,0,0,0,0,0,0,0,0,0,0,0,0,0,3.94236111111111,0,0,0,0,0,0,0,0,0,0,0,0,0,0,0,0,0,0,0,0,0,0,0,20.6569444444444,0,0,0,0,24.3756944444444,0,-1.36458333333333,0,0,0,0,0,0,0,0,0,0,0,0,0,0,0,0,0,0,0,0,0,0,0,0,0,0,0,0,0,0,0,0,0,0,0,0,0,0,0,0,0,0,0,0
0,0,0,0,0,0,0,0,0,0,0,0,0,0,0,0,0,0,0,0,0,0,0,0,0,0,0,0,0,0,0,0,0,0,0,0,0,0,0,0,0,0,0,0,0,0,0,0,0,0,0,0,0,0,0,0,0,0,0,0,0,0,0,0,0,0,0,0,0,0,0,0,0,0,0,0,0,0,0,0,0,0,0,0,0,0,0,0,0,0,0,0,0,0,0,0,0,0,0,0,0,0,0,0,0,0,0,0,0,0,0,0,0,0,0,0,0,0,0,0,0,0,0,0,0,0,0,0,0,0,0,0,0,0,0,0,0,0,0,0,0,0,0,0,0,0,0,0,0,0,0,0,0,0,0,0,0,0,0,0,0,0,0
0,0,0,0,0,0,0,0,0,0,0,0,6.86111111111111,0,0,0,-9.66666666666667,0,0,0,0,0,0,0,0,0,0,0,0,0,0,0,0,0,0,-6.90625,0,0,0,0,0,0,0,-21.9791666666667,0,0,0,0,0,0,0,0,-4.39583333333333,-11.9027777777778,0,0,-35.0277777777778,0,0,0,0,0,0,0,0,0,0,0,0,0,0,0,-32.8680555555556,-10.0729166666667,0,0,0,0,0,0,0,0,0,0,0,0,0,-41.1979166666667,0,0,0,0,0,0,0,0,0,0,0,0,0,0,0,0,0,0,0,0,0,0,0,26.6736111111111,0,0,0,0,-1.36458333333333,0,49.90625,0,0,0,0,0,0,0,0,0,0,0,0,0,0,0,0,0,0,0,0,0,0,0,0,0,0,0,0,0,0,0,0,0,0,0,0,0,0,0,0,0,0,0,0
0,0,0,0,0,0,0,0,0,0,0,0,0,0,0,0,0,0,0,0,0,0,0,0,0,0,0,0,0,0,0,0,0,0,0,0,0,0,0,0,0,0,0,0,0,0,0,0,0,0,0,0,0,0,0,0,0,0,0,0,0,0,0,0,0,0,0,0,0,0,0,0,0,0,0,0,0,0,0,0,0,0,0,0,0,0,0,0,0,0,0,0,0,0,0,0,0,0,0,0,0,0,0,0,0,0,0,0,0,0,0,0,0,0,0,0,0,0,0,0,0,0,0,0,0,0,0,0,0,0,0,0,0,0,0,0,0,0,0,0,0,0,0,0,0,0,0,0,0,0,0,0,0,0,0,0,0,0,0,0,0,0,0
0,0,0,0,0,0,0,0,0,0,0,0,0,0,0,0,0,0,0,0,0,0,0,0,0,0,0,0,0,0,0,0,0,0,0,0,0,0,0,0,0,0,0,0,0,0,0,0,0,0,0,0,0,0,0,0,0,0,0,0,0,0,0,0,0,0,0,0,0,0,0,0,0,0,0,0,0,0,0,0,0,0,0,0,0,0,0,0,0,0,0,0,0,0,0,0,0,0,0,0,0,0,0,0,0,0,0,0,0,0,0,0,0,0,0,0,0,0,0,0,0,0,0,0,0,0,0,0,0,0,0,0,0,0,0,0,0,0,0,0,0,0,0,0,0,0,0,0,0,0,0,0,0,0,0,0,0,0,0,0,0,0,0
0,0,0,0,0,0,0,0,0,0,0,3.09598214285714,0,0,0,0,0,0,0,5.40513392857143,0,0,0,0,0,0,0,0,0,0,0,0,0,0,-3.11495535714286,0,-23.4832589285714,0,0,0,0,0,0,0,0,-13.3671875,0,0,0,-27.2265625,0,0,0,0,0,0,0,0,0,0,3.69866071428571,0,0,0,0,0,0,0,0,0,0,0,0,0,-19.9575892857143,0,0,0,0,0,0,0,0,0,0,0,0,0,3.97879464285714,0,0,0,0,0,0,0,13.6607142857143,0,0,0,0,0,0,0,0,0,-7.44419642857143,0,0,0,0,0,0,0,0,0,0,0,0,0,0,24.1953125,0,5.9375,0,0,0,0,0,0,0,0,0,0,0,0,0,0,0,0,0,0,0,0,0,0,0,0,0,0,0,0,0,0,0,0,0,0,0,0,0,0,0
0,0,0,0,0,0,0,0,0,0,0,0,0,0,0,0,0,0,0,0,0,0,0,0,0,0,0,0,0,0,0,0,0,0,0,0,0,0,0,0,0,0,0,0,0,0,0,0,0,0,0,0,0,0,0,0,0,0,0,0,0,0,0,0,0,0,0,0,0,0,0,0,0,0,0,0,0,0,0,0,0,0,0,0,0,0,0,0,0,0,0,0,0,0,0,0,0,0,0,0,0,0,0,0,0,0,0,0,0,0,0,0,0,0,0,0,0,0,0,0,0,0,0,0,0,0,0,0,0,0,0,0,0,0,0,0,0,0,0,0,0,0,0,0,0,0,0,0,0,0,0,0,0,0,0,0,0,0,0,0,0,0,0
0,0,0,0,0,0,0,0,0,0,0,-3.07142857142857,0,0,0,0,0,0,0,16.4375,0,0,0,0,0,0,0,0,0,0,0,0,0,0,5.72321428571429,0,-13.0089285714286,0,0,0,0,0,0,0,0,-16.8839285714286,0,0,0,-17.9375,0,0,0,0,0,0,0,0,0,0,8.875,0,0,0,0,0,0,0,0,0,0,0,0,0,-2.76785714285714,0,0,0,0,0,0,0,0,0,0,0,0,0,27.4196428571429,0,0,0,0,0,0,0,10.0714285714286,0,0,0,0,0,0,0,0,0,1.80357142857143,0,0,0,0,0,0,0,0,0,0,0,0,0,0,5.9375,0,10.5714285714286,0,0,0,0,0,0,0,0,0,0,0,0,0,0,0,0,0,0,0,0,0,0,0,0,0,0,0,0,0,0,0,0,0,0,0,0,0,0,0
0,0,0,0,0,0,0,0,0,0,0,0,0,0,0,0,0,0,0,0,0,0,0,0,0,0,0,0,0,0,0,0,0,0,0,0,0,0,0,0,0,0,0,0,0,0,0,0,0,0,0,0,0,0,0,0,0,0,0,0,0,0,0,0,0,0,0,0,0,0,0,0,0,0,0,0,0,0,0,0,0,0,0,0,0,0,0,0,0,0,0,0,0,0,0,0,0,0,0,0,0,0,0,0,0,0,0,0,0,0,0,0,0,0,0,0,0,0,0,0,0,0,0,0,0,0,0,0,0,0,0,0,0,0,0,0,0,0,0,0,0,0,0,0,0,0,0,0,0,0,0,0,0,0,0,0,0,0,0,0,0,0,0
0,0,0,0,0,0,0,0,0,0,0,0,0,0,0,0,0,0,0,0,0,0,0,0,0,0,0,0,0,0,0,0,0,0,0,0,0,0,0,0,0,0,0,0,0,0,0,0,0,0,0,0,0,0,0,0,0,0,0,0,0,0,0,0,0,0,0,0,0,0,0,0,0,0,0,0,0,0,0,0,0,0,0,0,0,0,0,0,0,0,0,0,0,0,0,0,0,0,0,0,0,0,0,0,0,0,0,0,0,0,0,0,0,0,0,0,0,0,0,0,0,0,0,0,0,0,0,0,0,0,0,0,0,0,0,0,0,0,0,0,0,0,0,0,0,0,0,0,0,0,0,0,0,0,0,0,0,0,0,0,0,0,0
0,0,0,0,0,0,0,0,10.2222222222222,0,4.05555555555556,0,0,0,0,0,0,0,0,0,0,0,0,0,0,0,0.533333333333333,0,0,-2.78888888888889,-1.57777777777778,0,0,0,0,0,0,0,0,0,0,0,0,0,0,0,0,0,0,0,0,0,0,0,0,0,0,0,0,0,0,0,0,0,-3.18888888888889,0,0,0,0,0,0,0,0,0,0,0,0,0,0,0,0,0,0,0,0,0,0,0,0,-2.85555555555556,2.77777777777778,0,0,0,0,0,0,0,-0.0333333333333333,0,0,0,0,0,0,0,0,0,0,0,0,0,0,0,0,0,0,0,0,0,0,0,0,0,0,0,1.6,2.72222222222222,2.56666666666667,0,0,0,0,0,0,0,0,0,0,0,0,0,0,0,0,0,0,0,0,0,0,0,0,0,0,0,0,0,0,0,0,0,0
0,0,0,0,0,0,0,0,21.8611111111111,0,2.37847222222222,0,0,0,0,0,0,0,0,0,0,0,0,0,0,0,9.875,0,0,-4.66319444444444,-7.22916666666667,0,0,0,0,0,0,0,0,0,0,0,0,0,0,0,0,0,0,0,0,0,0,0,0,0,0,0,0,0,0,0,0,0,-7.52430555555556,0,0,0,0,0,0,0,0,0,0,0,0,0,0,0,0,0,0,0,0,0,0,0,0,-5.67013888888889,4.46527777777778,0,0,0,0,0,0,0,-0.135416666666667,0,0,0,0,0,0,0,0,0,0,0,0,0,0,0,0,0,0,0,0,0,0,0,0,0,0,0,2.72222222222222,7.76736111111111,3.10763888888889,0,0,0,0,0,0,0,0,0,0,0,0,0,0,0,0,0,0,0,0,0,0,0,0,0,0,0,0,0,0,0,0,0,0
0,0,0,0,0,0,0,0,1.71527777777778,0,-1.10763888888889,0,0,0,0,0,0,0,0,0,0,0,0,0,0,0,-30.0333333333333,0,0,-1.84652777777778,12.3069444444444,0,0,0,0,0,0,0,0,0,0,0,0,0,0,0,0,0,0,0,0,0,0,0,0,0,0,0,0,0,0,0,0,0,-6.20347222222222,0,0,0,0,0,0,0,0,0,0,0,0,0,0,0,0,0,0,0,0,0,0,0,0,22.45625,18.2916666666667,0,0,0,0,0,0,0,0.189583333333333,0,0,0,0,0,0,0,0,0,0,0,0,0,0,0,0,0,0,0,0,0,0,0,0,0,0,0,2.56666666666667,3.10763888888889,11.0201388888889,0,0,0,0,0,0,0,0,0,0,0,0,0,0,0,0,0,0,0,0,0,0,0,0,0,0,0,0,0,0,0,0,0,0
0,0,0,0,0,0,0,0,0,0,0,0,0,0,0,0,0,0,0,0,0,0,0,0,0,0,0,0,0,0,0,0,0,0,0,0,0,0,0,0,0,0,0,0,0,0,0,0,0,0,0,0,0,0,0,0,0,0,0,0,0,0,0,0,0,0,0,0,0,0,0,0,0,0,0,0,0,0,0,0,0,0,0,0,0,0,0,0,0,0,0,0,0,0,0,0,0,0,0,0,0,0,0,0,0,0,0,0,0,0,0,0,0,0,0,0,0,0,0,0,0,0,0,0,0,0,0,0,0,0,0,0,0,0,0,0,0,0,0,0,0,0,0,0,0,0,0,0,0,0,0,0,0,0,0,0,0,0,0,0,0,0,0
0,0,0,0,0,0,0,0,0,0,0,0,0,0,0,0,0,0,0,0,0,0,0,0,0,0,0,0,0,0,0,0,0,0,0,0,0,0,0,0,0,0,0,0,0,0,0,0,0,0,0,0,0,0,0,0,0,0,0,0,0,0,0,0,0,0,0,0,0,0,0,0,0,0,0,0,0,0,0,0,0,0,0,0,0,0,0,0,0,0,0,0,0,0,0,0,0,0,0,0,0,0,0,0,0,0,0,0,0,0,0,0,0,0,0,0,0,0,0,0,0,0,0,0,0,0,0,0,0,0,0,0,0,0,0,0,0,0,0,0,0,0,0,0,0,0,0,0,0,0,0,0,0,0,0,0,0,0,0,0,0,0,0
0,0,0,0,0,0,0,0,0,0,0,0,0,0,0,0,0,0,0,0,0,0,0,0,0,0,0,0,0,0,0,0,0,0,0,0,0,0,0,0,0,0,0,0,0,0,0,0,0,0,0,0,0,0,0,0,0,0,0,0,0,0,0,0,0,0,0,0,0,0,0,0,0,0,0,0,0,0,0,0,0,0,0,0,0,0,0,0,0,0,0,0,0,0,0,0,0,0,0,0,0,0,0,0,0,0,0,0,0,0,0,0,0,0,0,0,0,0,0,0,0,0,0,0,0,0,0,0,0,0,0,0,0,0,0,0,0,0,0,0,0,0,0,0,0,0,0,0,0,0,0,0,0,0,0,0,0,0,0,0,0,0,0
0,0,0,0,0,0,0,0,0,0,0,0,0,0,0,0,0,0,0,0,0,0,0,0,0,0,0,0,0,0,0,0,0,0,0,0,0,0,0,0,0,0,0,0,0,0,0,0,0,0,0,0,0,0,0,0,0,0,0,0,0,0,0,0,0,0,0,0,0,0,0,0,0,0,0,0,0,0,0,0,0,0,0,0,0,0,0,0,0,0,0,0,0,0,0,0,0,0,0,0,0,0,0,0,0,0,0,0,0,0,0,0,0,0,0,0,0,0,0,0,0,0,0,0,0,0,0,0,0,0,0,0,0,0,0,0,0,0,0,0,0,0,0,0,0,0,0,0,0,0,0,0,0,0,0,0,0,0,0,0,0,0,0
0,0,0,0,0,0,0,0,0,0,0,0,0,0,0,0,0,0,0,0,0,0,0,0,0,0,0,0,0,0,0,0,0,0,0,0,0,0,0,0,0,0,0,0,0,0,0,0,0,0,0,0,0,0,0,0,0,0,0,0,0,0,0,0,0,0,0,0,0,0,0,0,0,0,0,0,0,0,0,0,0,0,0,0,0,0,0,0,0,0,0,0,0,0,0,0,0,0,0,0,0,0,0,0,0,0,0,0,0,0,0,0,0,0,0,0,0,0,0,0,0,0,0,0,0,0,0,0,0,0,0,0,0,0,0,0,0,0,0,0,0,0,0,0,0,0,0,0,0,0,0,0,0,0,0,0,0,0,0,0,0,0,0
0,0,0,0,0,0,0,0,0,0,0,0,0,0,32.5602678571429,0,0,15.3348214285714,0,0,0,0,-31.3705357142857,0,0,0,0,0,0,0,0,0,0,0,0,0,0,0.176339285714286,22.5691964285714,0,0,0,0,0,0,0,0,-10.5602678571429,0,0,0,0,0,0,-20.7388392857143,0,0,-46.6651785714286,0,0,0,0,0,0,0,0,0,0,0,0,0,0,0,0,0,6.74330357142857,0,0,0,0,0,0,1.07366071428571,0,0,0,0,0,0,0,0,0,0,0,0,0,0,0,0,0,0,0,0,0,0,0,0,0,0,0,0,0,0,0,0,0,0,0,0,0,0,0,0,0,0,0,0,0,0,0,0,0,0,0,26.1205357142857,0,0,0,0,0,0,0,0,0,0,0,0,0,0,0,0,0,0,0,0,0,0,0,0,0,0,0,0
0,0,0,0,0,0,0,0,0,0,0,0,0,0,0,0,0,0,0,0,0,0,0,0,0,0,0,0,0,0,0,0,0,0,0,0,0,0,0,0,0,0,0,0,0,0,0,0,0,0,0,0,0,0,0,0,0,0,0,0,0,0,0,0,0,0,0,0,0,0,0,0,0,0,0,0,0,0,0,0,0,0,0,0,0,0,0,0,0,0,0,0,0,0,0,0,0,0,0,0,0,0,0,0,0,0,0,0,0,0,0,0,0,0,0,0,0,0,0,0,0,0,0,0,0,0,0,0,0,0,0,0,0,0,0,0,0,0,0,0,0,0,0,0,0,0,0,0,0,0,0,0,0,0,0,0,0,0,0,0,0,0,0
0,0,0,0,0,0,0,0,0,0,0,0,0,0,0,0,0,0,0,0,0,0,0,0,0,0,0,0,0,0,0,0,0,0,0,0,0,0,0,0,0,0,0,0,0,0,0,0,0,0,0,0,0,0,0,0,0,0,0,0,0,0,0,0,0,0,0,0,0,0,0,0,0,0,0,0,0,0,0,0,0,0,0,0,0,0,0,0,0,0,0,0,0,0,0,0,0,0,0,0,0,0,0,0,0,0,0,0,0,0,0,0,0,0,0,0,0,0,0,0,0,0,0,0,0,0,0,0,0,0,0,0,0,0,0,0,0,0,0,0,0,0,0,0,0,0,0,0,0,0,0,0,0,0,0,0,0,0,0,0,0,0,0
0,0,0,0,0,0,0,0,0,0,0,0,0,0,0,0,0,0,0,0,0,0,0,0,0,0,0,0,0,0,0,0,0,0,0,0,0,0,0,0,0,0,0,0,0,0,0,0,0,0,0,0,0,0,0,0,0,0,0,0,0,0,0,0,0,0,0,0,0,0,0,0,0,0,0,0,0,0,0,0,0,0,0,0,0,0,0,0,0,0,0,0,0,0,0,0,0,0,0,0,0,0,0,0,0,0,0,0,0,0,0,0,0,0,0,0,0,0,0,0,0,0,0,0,0,0,0,0,0,0,0,0,0,0,0,0,0,0,0,0,0,0,0,0,0,0,0,0,0,0,0,0,0,0,0,0,0,0,0,0,0,0,0
0,0,0,0,0,0,0,0,0,0,0,0,0,0,0,0,0,0,0,0,0,0,0,0,0,0,0,0,0,0,0,0,0,0,0,0,0,0,0,0,0,0,0,0,0,0,0,0,0,0,0,0,0,0,0,0,0,0,0,0,0,0,0,0,0,0,0,0,0,0,0,0,0,0,0,0,0,0,0,0,0,0,0,0,0,0,0,0,0,0,0,0,0,0,0,0,0,0,0,0,0,0,0,0,0,0,0,0,0,0,0,0,0,0,0,0,0,0,0,0,0,0,0,0,0,0,0,0,0,0,0,0,0,0,0,0,0,0,0,0,0,0,0,0,0,0,0,0,0,0,0,0,0,0,0,0,0,0,0,0,0,0,0
0,0,0,0,0,0,0,0,0,0,0,0,0,0,0,0,0,0,0,0,0,0,0,0,0,0,0,0,0,0,0,0,0,0,0,0,0,0,0,0,0,0,0,0,0,0,0,0,0,0,0,0,0,0,0,0,0,0,0,0,0,0,0,0,0,0,0,0,0,0,0,0,0,0,0,0,0,0,0,0,0,0,0,0,0,0,0,0,0,0,0,0,0,0,0,0,0,0,0,0,0,0,0,0,0,0,0,0,0,0,0,0,0,0,0,0,0,0,0,0,0,0,0,0,0,0,0,0,0,0,0,0,0,0,0,0,0,0,0,0,0,0,0,0,0,0,0,0,0,0,0,0,0,0,0,0,0,0,0,0,0,0,0
0,0,0,0,0,0,0,0,0,0,0,0,0,0,0,0,0,0,0,0,0,0,0,0,0,0,0,0,0,0,0,0,0,0,0,0,0,0,0,0,0,0,0,0,0,0,0,0,0,0,0,0,0,0,0,0,0,0,0,0,0,0,0,0,0,0,0,0,0,0,0,0,0,0,0,0,0,0,0,0,0,0,0,0,0,0,0,0,0,0,0,0,0,0,0,0,0,0,0,0,0,0,0,0,0,0,0,0,0,0,0,0,0,0,0,0,0,0,0,0,0,0,0,0,0,0,0,0,0,0,0,0,0,0,0,0,0,0,0,0,0,0,0,0,0,0,0,0,0,0,0,0,0,0,0,0,0,0,0,0,0,0,0
0,0,0,0,0,0,0,0,0,0,0,0,0,0,0,0,0,0,0,0,0,0,0,0,0,0,0,0,0,0,0,0,0,0,0,0,0,0,0,0,0,0,0,0,0,0,0,0,0,0,0,0,0,0,0,0,0,0,0,0,0,0,0,0,0,0,0,0,0,0,0,0,0,0,0,0,0,0,0,0,0,0,0,0,0,0,0,0,0,0,0,0,0,0,0,0,0,0,0,0,0,0,0,0,0,0,0,0,0,0,0,0,0,0,0,0,0,0,0,0,0,0,0,0,0,0,0,0,0,0,0,0,0,0,0,0,0,0,0,0,0,0,0,0,0,0,0,0,0,0,0,0,0,0,0,0,0,0,0,0,0,0,0
0,0,0,0,0,0,0,0,0,0,0,0,0,0,0,0,0,0,0,0,0,0,0,0,0,0,0,0,0,0,0,0,0,0,0,0,0,0,0,0,0,0,0,0,0,0,0,0,0,0,0,0,0,0,0,0,0,0,0,0,0,0,0,0,0,0,0,0,0,0,0,0,0,0,0,0,0,0,0,0,0,0,0,0,0,0,0,0,0,0,0,0,0,0,0,0,0,0,0,0,0,0,0,0,0,0,0,0,0,0,0,0,0,0,0,0,0,0,0,0,0,0,0,0,0,0,0,0,0,0,0,0,0,0,0,0,0,0,0,0,0,0,0,0,0,0,0,0,0,0,0,0,0,0,0,0,0,0,0,0,0,0,0
0,0,-20.6116071428571,0,0,0,0,0,0,0,0,0,0,0,0,0,0,0,-0.396205357142857,0,0,0,0,0,0,0,0,0,0,0,0,0,-5.12611607142857,-45.8080357142857,0,0,0,0,0,0,0,0,0,0,0,0,0,0,0,0,0,0,0,0,0,0,0,0,0,0,0,0,0,0,0,0,0,0,0,0,0,0,0,0,0,0,0,0,6.24107142857143,0,0,0,0,0,0,0,0,0,0,0,0,0,7.52232142857143,0,0,0,0,0,0,0,0,0,-5.46540178571429,0,0,0,0,0,17.8549107142857,0,0,0,0,9.23995535714286,0,0,0,0,0,0,0,0,0,0,0,0,0,0,0,0,0,0,0,0,0,0,0,0,0,0,0,0,0,14.6238839285714,0,0,-0.21875,-8.79799107142857,0,4.85379464285714,0,0,0,0,0,0,0,0,0,0,0,0,0
0,0,0,0,0,0,0,0,0,0,0,0,0,0,0,0,0,0,0,0,0,0,0,0,0,0,0,0,0,0,0,0,0,0,0,0,0,0,0,0,0,0,0,0,0,0,0,0,0,0,0,0,0,0,0,0,0,0,0,0,0,0,0,0,0,0,0,0,0,0,0,0,0,0,0,0,0,0,0,0,0,0,0,0,0,0,0,0,0,0,0,0,0,0,0,0,0,0,0,0,0,0,0,0,0,0,0,0,0,0,0,0,0,0,0,0,0,0,0,0,0,0,0,0,0,0,0,0,0,0,0,0,0,0,0,0,0,0,0,0,0,0,0,0,0,0,0,0,0,0,0,0,0,0,0,0,0,0,0,0,0,0,0
0,0,0,0,0,0,0,0,0,0,0,0,0,0,0,0,0,0,0,0,0,0,0,0,0,0,0,0,0,0,0,0,0,0,0,0,0,0,0,0,0,0,0,0,0,0,0,0,0,0,0,0,0,0,0,0,0,0,0,0,0,0,0,0,0,0,0,0,0,0,0,0,0,0,0,0,0,0,0,0,0,0,0,0,0,0,0,0,0,0,0,0,0,0,0,0,0,0,0,0,0,0,0,0,0,0,0,0,0,0,0,0,0,0,0,0,0,0,0,0,0,0,0,0,0,0,0,0,0,0,0,0,0,0,0,0,0,0,0,0,0,0,0,0,0,0,0,0,0,0,0,0,0,0,0,0,0,0,0,0,0,0,0
0,0,-6.14285714285714,0,0,0,0,0,0,0,0,0,0,0,0,0,0,0,-12.03125,0,0,0,0,0,0,0,0,0,0,0,0,0,-0.665178571428571,11.2678571428571,0,0,0,0,0,0,0,0,0,0,0,0,0,0,0,0,0,0,0,0,0,0,0,0,0,0,0,0,0,0,0,0,0,0,0,0,0,0,0,0,0,0,0,0,6.55357142857143,0,0,0,0,0,0,0,0,0,0,0,0,0,-11.125,0,0,0,0,0,0,0,0,0,15.1205357142857,0,0,0,0,0,-0.6875,0,0,0,0,8.29910714285714,0,0,0,0,0,0,0,0,0,0,0,0,0,0,0,0,0,0,0,0,0,0,0,0,0,0,0,0,0,-0.21875,0,0,4.625,1.54017857142857,0,-0.263392857142857,0,0,0,0,0,0,0,0,0,0,0,0,0
0,0,-0.147321428571429,0,0,0,0,0,0,0,0,0,0,0,0,0,0,0,-9.97433035714286,0,0,0,0,0,0,0,0,0,0,0,0,0,6.03236607142857,33.0580357142857,0,0,0,0,0,0,0,0,0,0,0,0,0,0,0,0,0,0,0,0,0,0,0,0,0,0,0,0,0,0,0,0,0,0,0,0,0,0,0,0,0,0,0,0,-7.00892857142857,0,0,0,0,0,0,0,0,0,0,0,0,0,-13.1116071428571,0,0,0,0,0,0,0,0,0,4.59486607142857,0,0,0,0,0,-1.16741071428571,0,0,0,0,11.9341517857143,0,0,0,0,0,0,0,0,0,0,0,0,0,0,0,0,0,0,0,0,0,0,0,0,0,0,0,0,0,-8.79799107142857,0,0,1.54017857142857,35.0613839285714,0,-3.23325892857143,0,0,0,0,0,0,0,0,0,0,0,0,0
0,0,0,0,0,0,0,0,0,0,0,0,0,0,0,0,0,0,0,0,0,0,0,0,0,0,0,0,0,0,0,0,0,0,0,0,0,0,0,0,0,0,0,0,0,0,0,0,0,0,0,0,0,0,0,0,0,0,0,0,0,0,0,0,0,0,0,0,0,0,0,0,0,0,0,0,0,0,0,0,0,0,0,0,0,0,0,0,0,0,0,0,0,0,0,0,0,0,0,0,0,0,0,0,0,0,0,0,0,0,0,0,0,0,0,0,0,0,0,0,0,0,0,0,0,0,0,0,0,0,0,0,0,0,0,0,0,0,0,0,0,0,0,0,0,0,0,0,0,0,0,0,0,0,0,0,0,0,0,0,0,0,0
0,0,-17.78125,0,0,0,0,0,0,0,0,0,0,0,0,0,0,0,13.2935267857143,0,0,0,0,0,0,0,0,0,0,0,0,0,-8.12834821428571,-11.53125,0,0,0,0,0,0,0,0,0,0,0,0,0,0,0,0,0,0,0,0,0,0,0,0,0,0,0,0,0,0,0,0,0,0,0,0,0,0,0,0,0,0,0,0,5.25892857142857,0,0,0,0,0,0,0,0,0,0,0,0,0,4.16517857142857,0,0,0,0,0,0,0,0,0,-4.6015625,0,0,0,0,0,8.07366071428571,0,0,0,0,1.00558035714286,0,0,0,0,0,0,0,0,0,0,0,0,0,0,0,0,0,0,0,0,0,0,0,0,0,0,0,0,0,4.85379464285714,0,0,-0.263392857142857,-3.23325892857143,0,4.20424107142857,0,0,0,0,0,0,0,0,0,0,0,0,0
28.78125,0,0,0,0,0,0,-62.15625,0,0,0,0,0,0,0,0,0,0,0,0,2.28125,0,0,0,0,0,0,0,0,0,0,16.09375,0,0,0,0,0,0,0,0,0,-18.125,0,0,0,0,0,0,-16.0625,0,0,38.03125,0,0,0,0,0,0,0,0,0,0,0,0,0,0,0,0,0,0,-22.0625,0,0,0,0,0,0,0,0,0,0,0,0,0,0,0,0,0,0,0,0,0,0,0,0,0,0,0,0,0,0,0,0,0,0,0,0,0,0,0,0,0,0,0,0,0,0,0,0,0,0,0,0,0,0,0,0,0,0,0,0,0,0,0,0,0,0,0,0,0,0,0,0,0,0,0,0,0,0,0,13.25,0,0,13.6875,0,0,0,0,0,0,0,0,0
0,0,0,0,0,0,0,0,0,0,0,0,0,0,0,0,0,0,0,0,0,0,0,0,0,0,0,0,0,0,0,0,0,0,0,0,0,0,0,0,0,0,0,0,0,0,0,0,0,0,0,0,0,0,0,0,0,0,0,0,0,0,0,0,0,0,0,0,0,0,0,0,0,0,0,0,0,0,0,0,0,0,0,0,0,0,0,0,0,0,0,0,0,0,0,0,0,0,0,0,0,0,0,0,0,0,0,0,0,0,0,0,0,0,0,0,0,0,0,0,0,0,0,0,0,0,0,0,0,0,0,0,0,0,0,0,0,0,0,0,0,0,0,0,0,0,0,0,0,0,0,0,0,0,0,0,0,0,0,0,0,0,0
0,0,0,0,0,0,0,0,0,0,0,0,0,0,0,0,0,0,0,0,0,0,0,0,0,0,0,0,0,0,0,0,0,0,0,0,0,0,0,0,0,0,0,0,0,0,0,0,0,0,0,0,0,0,0,0,0,0,0,0,0,0,0,0,0,0,0,0,0,0,0,0,0,0,0,0,0,0,0,0,0,0,0,0,0,0,0,0,0,0,0,0,0,0,0,0,0,0,0,0,0,0,0,0,0,0,0,0,0,0,0,0,0,0,0,0,0,0,0,0,0,0,0,0,0,0,0,0,0,0,0,0,0,0,0,0,0,0,0,0,0,0,0,0,0,0,0,0,0,0,0,0,0,0,0,0,0,0,0,0,0,0,0
57.5625,0,0,0,0,0,0,-121.340625,0,0,0,0,0,0,0,0,0,0,0,0,-108.3,0,0,0,0,0,0,0,0,0,0,49.715625,0,0,0,0,0,0,0,0,0,-3.815625,0,0,0,0,0,0,28.21875,0,0,16.35,0,0,0,0,0,0,0,0,0,0,0,0,0,0,0,0,0,0,-11.625,0,0,0,0,0,0,0,0,0,0,0,0,0,0,0,0,0,0,0,0,0,0,0,0,0,0,0,0,0,0,0,0,0,0,0,0,0,0,0,0,0,0,0,0,0,0,0,0,0,0,0,0,0,0,0,0,0,0,0,0,0,0,0,0,0,0,0,0,0,0,0,0,0,0,0,0,0,0,0,13.6875,0,0,41.79375,0,0,0,0,0,0,0,0,0
0,0,0,0,0,0,0,0,0,0,0,0,0,0,0,0,0,0,0,0,0,0,0,0,0,0,0,0,0,0,0,0,0,0,0,0,0,0,0,0,0,0,0,0,0,0,0,0,0,0,0,0,0,0,0,0,0,0,0,0,0,0,0,0,0,0,0,0,0,0,0,0,0,0,0,0,0,0,0,0,0,0,0,0,0,0,0,0,0,0,0,0,0,0,0,0,0,0,0,0,0,0,0,0,0,0,0,0,0,0,0,0,0,0,0,0,0,0,0,0,0,0,0,0,0,0,0,0,0,0,0,0,0,0,0,0,0,0,0,0,0,0,0,0,0,0,0,0,0,0,0,0,0,0,0,0,0,0,0,0,0,0,0
0,0,0,0,0,0,0,0,0,0,0,0,0,0,0,0,0,0,0,0,0,0,0,0,0,0,0,0,0,0,0,0,0,0,0,0,0,0,0,0,0,0,0,0,0,0,0,0,0,0,0,0,0,0,0,0,0,0,0,0,0,0,0,0,0,0,0,0,0,0,0,0,0,0,0,0,0,0,0,0,0,0,0,0,0,0,0,0,0,0,0,0,0,0,0,0,0,0,0,0,0,0,0,0,0,0,0,0,0,0,0,0,0,0,0,0,0,0,0,0,0,0,0,0,0,0,0,0,0,0,0,0,0,0,0,0,0,0,0,0,0,0,0,0,0,0,0,0,0,0,0,0,0,0,0,0,0,0,0,0,0,0,0
0,0,0,0,0,0,0,0,0,0,0,0,0,0,0,0,0,0,0,0,0,0,0,0,0,0,0,0,0,0,0,0,0,0,0,0,0,0,0,0,0,0,0,0,0,0,0,0,0,0,0,0,0,0,0,0,0,0,0,0,0,0,0,0,0,0,0,0,0,0,0,0,0,0,0,0,0,0,0,0,0,0,0,0,0,0,0,0,0,0,0,0,0,0,0,0,0,0,0,0,0,0,0,0,0,0,0,0,0,0,0,0,0,0,0,0,0,0,0,0,0,0,0,0,0,0,0,0,0,0,0,0,0,0,0,0,0,0,0,0,0,0,0,0,0,0,0,0,0,0,0,0,0,0,0,0,0,0,0,0,0,0,0
0,0,0,0,0,0,0,0,0,0,0,0,0,0,0,0,0,0,0,0,0,0,0,0,0,0,0,0,0,0,0,0,0,0,0,0,0,0,0,0,0,0,0,0,0,0,0,0,0,0,0,0,0,0,0,0,0,0,0,0,0,0,0,0,0,0,0,0,0,0,0,0,0,0,0,0,0,0,0,0,0,0,0,0,0,0,0,0,0,0,0,0,0,0,0,0,0,0,0,0,0,0,0,0,0,0,0,0,0,0,0,0,0,0,0,0,0,0,0,0,0,0,0,0,0,0,0,0,0,0,0,0,0,0,0,0,0,0,0,0,0,0,0,0,0,0,0,0,0,0,0,0,0,0,0,0,0,0,0,0,0,0,0
0,0,0,0,0,0,0,0,0,0,0,0,0,0,0,0,0,0,0,0,0,0,0,0,0,0,0,0,0,0,0,0,0,0,0,0,0,0,0,0,0,0,0,0,0,0,0,0,0,0,0,0,0,0,0,0,0,0,0,0,0,0,0,0,0,0,0,0,0,0,0,0,0,0,0,0,0,0,0,0,0,0,0,0,0,0,0,0,0,0,0,0,0,0,0,0,0,0,0,0,0,0,0,0,0,0,0,0,0,0,0,0,0,0,0,0,0,0,0,0,0,0,0,0,0,0,0,0,0,0,0,0,0,0,0,0,0,0,0,0,0,0,0,0,0,0,0,0,0,0,0,0,0,0,0,0,0,0,0,0,0,0,0
0,0,0,0,0,0,0,0,0,0,0,0,0,0,0,0,0,0,0,0,0,0,0,0,0,0,0,0,0,0,0,0,0,0,0,0,0,0,0,0,0,0,0,0,0,0,0,0,0,0,0,0,0,0,0,0,0,0,0,0,0,0,0,0,0,0,0,0,0,0,0,0,0,0,0,0,0,0,0,0,0,0,0,0,0,0,0,0,0,0,0,0,0,0,0,0,0,0,0,0,0,0,0,0,0,0,0,0,0,0,0,0,0,0,0,0,0,0,0,0,0,0,0,0,0,0,0,0,0,0,0,0,0,0,0,0,0,0,0,0,0,0,0,0,0,0,0,0,0,0,0,0,0,0,0,0,0,0,0,0,0,0,0
0,0,0,0,0,0,0,0,0,0,0,0,0,0,0,0,0,0,0,0,0,0,0,0,0,0,0,0,0,0,0,0,0,0,0,0,0,0,0,0,0,0,0,0,0,0,0,0,0,0,0,0,0,0,0,0,0,0,0,0,0,0,0,0,0,0,0,0,0,0,0,0,0,0,0,0,0,0,0,0,0,0,0,0,0,0,0,0,0,0,0,0,0,0,0,0,0,0,0,0,0,0,0,0,0,0,0,0,0,0,0,0,0,0,0,0,0,0,0,0,0,0,0,0,0,0,0,0,0,0,0,0,0,0,0,0,0,0,0,0,0,0,0,0,0,0,0,0,0,0,0,0,0,0,0,0,0,0,0,0,0,0,0
0,-8.68055555555556,0,0,0,0,0,0,0,0,0,0,0,-2.33072916666667,0,0,0,0,0,0,0,0,0,0,0,0,0,0,0,0,0,0,0,0,0,0,0,0,0,0,0,0,-6.37673611111111,0,0,0,0,0,0,0,0,0,0,0,0,0,0,0,0,0,0,4.91579861111111,0,-1.34548611111111,0,0,0,0,0,0,0,5.25347222222222,0,0,0,0,0,0,0,0,0,1.14236111111111,0,0,0,4.84548611111111,-4.30642361111111,0,0,0,0,0,0,0,0,0,0,0,0,0,0,0,0,0.725694444444444,0,0,0,0,0,0,0,0,0,0,0,0,0,0,0,0,0,0,0,0,0,0,0,0,0,0,0,0,0,0,0,0,0,0,0,0,0,0,0,0,0,0,0,0,0,0,0,0,0,0,0,0,0,0,0,0,0,5.20486111111111,1.25260416666667
0,9.51041666666667,0,0,0,0,0,0,0,0,0,0,0,-27.2265625,0,0,0,0,0,0,0,0,0,0,0,0,0,0,0,0,0,0,0,0,0,0,0,0,0,0,0,0,-17.0104166666667,0,0,0,0,0,0,0,0,0,0,0,0,0,0,0,0,0,0,-2.78645833333333,0,-13.7291666666667,0,0,0,0,0,0,0,19.5989583333333,0,0,0,0,0,0,0,0,0,1.41666666666667,0,0,0,27.6666666666667,2.76302083333333,0,0,0,0,0,0,0,0,0,0,0,0,0,0,0,0,-0.0208333333333333,0,0,0,0,0,0,0,0,0,0,0,0,0,0,0,0,0,0,0,0,0,0,0,0,0,0,0,0,0,0,0,0,0,0,0,0,0,0,0,0,0,0,0,0,0,0,0,0,0,0,0,0,0,0,0,0,0,1.25260416666667,46.296875
