"James Harden_HOU","Russell Westbrook_OKC","Giannis Antetokounmpo_MIL","Chris Paul_HOU","DeAndre Jordan_LAC","Dwight Howard_CHA","Blake Griffin_LAC","Khris Middleton_MIL","Lou Williams_LAC","Paul George_OKC","Clint Capela_HOU","Hassan Whiteside_MIA","Kemba Walker_CHA","Eric Bledsoe_MIL","Dennis Schroder_ATL","Steven Adams_OKC","Harrison Barnes_DAL","Kent Bazemore_ATL","James Johnson_MIA","Josh Richardson_MIA","Dion Waiters_MIA","Goran Dragic_MIA","Eric Gordon_HOU","Taurean Prince_ATL","Carmelo Anthony_OKC","Kelly Olynyk_MIA","Danilo Gallinari_LAC","Austin Rivers_LAC","Trevor Ariza_HOU","Nicolas Batum_CHA","Tyler Johnson_MIA","Dewayne Dedmon_ATL","John Collins_ATL","JJ Barea_DAL","Milos Teodosic_LAC","Jeremy Lamb_CHA","Jabari Parker_MIL","Yogi Ferrell_DAL","Dennis Smith_DAL","Malcolm Brogdon_MIL","Ersan Ilyasova_ATL","Wesley Matthews_DAL","Dirk Nowitzki_DAL","PJ Tucker_HOU","Ryan Anderson_HOU","John Henson_MIL","Michael Kidd-Gilchrist_CHA","Bam Adebayo_MIA","Wesley Johnson_LAC","Seth Curry_DAL","Marvin Williams_CHA","Wayne Ellington_MIA","Jordan Mickey_MIA","Justise Winslow_MIA","Maxi Kleber_DAL","Frank Kaminsky_CHA","Cody Zeller_CHA","Marco Belinelli_ATL","Nene Hilario_HOU","Jamil Wilson_LAC","Sam Dekker_LAC","Tony Snell_MIL","Tyler Cavanaugh_ATL","Devin Harris_DAL","Montrezl Harrell_LAC","Miles Plumlee_ATL","Jerami Grant_OKC","DeAndre' Bembry_ATL","Jawun Evans_LAC","Malcolm Delaney_ATL","Andre Roberson_OKC","Alex Abrines_OKC","CJ Williams_LAC","Thon Maker_MIL","Isaiah Taylor_ATL","DeAndre Liggins_MIL","Michael Carter-Williams_CHA","Patrick Patterson_OKC","Dwight Powell_DAL","Luc Richard Mbah a Moute_HOU","Matthew Dellavedova_MIL","Mirza Teletovic_MIL","Raymond Felton_OKC","Luke Babbitt_ATL","Nick Collison_OKC","Kyle Singler_OKC","Mike Muscala_ATL","Josh Huestis_OKC","Dakari Johnson_OKC","Josh Magette_ATL","Daniel Hamilton_OKC","Tyler Dorsey_ATL","PJ Dozier_OKC","Terrance Ferguson_OKC","Udonis Haslem_MIA","Josh McRoberts_DAL","Rodney McGruder_MIA","Okaro White_MIA","Salah Mejri_DAL","Kyle Collinsworth_DAL","Dorian Finney-Smith_DAL","AJ Hammons_MIA","Matt Williams_MIA","Nerlens Noel_DAL","Derrick Walton_MIA","Johnathan Motley_DAL","Bobby Brown_HOU","Patrick Beverley_LAC","Willie Reed_LAC","Tarik Black_HOU","Briante Weber_HOU","Brice Johnson_LAC","Sindarius Thornwell_LAC","Demetrius Jackson_HOU","Troy Williams_HOU","Chinanu Onuaku_HOU","Zhou Qi_HOU","Jason Terry_MIL","Julyan Stone_CHA","Sean Kilpatrick_MIL","Johnny O'Bryant III_CHA","Treveon Graham_CHA","Joel Bolomboy_MIL","Marcus Paige_CHA","Mangok Mathiang_CHA","Sterling Brown_MIL","DJ Wilson_MIL","Rashad Vaughn_MIL","Dwayne Bacon_CHA","Malik Monk_CHA"
163.723958333333,0,0,-216.182291666667,0,0,0,0,0,0,-83.3333333333333,0,0,0,0,0,0,0,0,0,0,0,60.7083333333333,0,0,0,0,0,132.59375,0,0,0,0,0,0,0,0,0,0,0,0,0,0,32.5625,5.80208333333333,0,0,0,0,0,0,0,0,0,0,0,0,0,-30.90625,0,0,0,0,0,0,0,0,0,0,0,0,0,0,0,0,0,0,0,0,0,0,0,0,0,0,0,0,0,0,0,0,0,0,0,0,0,0,0,0,0,0,0,0,0,0,0,0,0,0,17.078125,5.71875,0,0,0,0,0,0,0,0,0,0,0,0,0,0,0,0,0,0,0
0,145.160416666667,0,0,0,0,0,0,0,-84.8479166666667,0,0,0,0,0,46.88125,0,0,0,0,0,0,0,0,56.2583333333333,0,0,0,0,0,0,0,0,0,0,0,0,0,0,0,0,0,0,0,0,0,0,0,0,0,0,0,0,0,0,0,0,0,0,0,0,0,0,0,0,0,-40.05,0,0,0,32.7041666666667,-10.4708333333333,0,0,0,0,0,-68.24375,0,0,0,0,-35.4208333333333,0,-21.1729166666667,0,0,-22.4916666666667,-22.7604166666667,0,0,0,0,-5.75,0,0,0,0,0,0,0,0,0,0,0,0,0,0,0,0,0,0,0,0,0,0,0,0,0,0,0,0,0,0,0,0,0,0,0,0
0,0,30.375,0,0,0,0,-15.6964285714286,0,0,0,0,0,-3.79464285714286,0,0,0,0,0,0,0,0,0,0,0,0,0,0,0,0,0,0,0,0,0,0,0,0,0,-2.83035714285714,0,0,0,0,0,11.9464285714286,0,0,0,0,0,0,0,0,0,0,0,0,0,0,0,10.1428571428571,0,0,0,0,0,0,0,0,0,0,0,19.7589285714286,0,-11.0267857142857,0,0,0,0,4.85714285714286,0,0,0,0,0,0,0,0,0,0,0,0,0,0,0,0,0,0,0,0,0,0,0,0,0,0,0,0,0,0,0,0,0,0,0,0,8.5,0,0,0,0,3.94642857142857,0,0,-2.80357142857143,0.803571428571429,-24.6785714285714,0,0
-216.182291666667,0,0,321.348958333333,0,0,0,0,0,0,138.104166666667,0,0,0,0,0,0,0,0,0,0,0,-60.6041666666667,0,0,0,0,0,-150.15625,0,0,0,0,0,0,0,0,0,0,0,0,0,0,-63.0625,-20.6979166666667,0,0,0,0,0,0,0,0,0,0,0,0,0,16.78125,0,0,0,0,0,0,0,0,0,0,0,0,0,0,0,0,0,0,0,0,0,0,0,0,0,0,0,0,0,0,0,0,0,0,0,0,0,0,0,0,0,0,0,0,0,0,0,0,0,0,-31.765625,-11.71875,0,0,0,0,0,0,0,0,0,0,0,0,0,0,0,0,0,0,0
0,0,0,0,127.309523809524,0,-164.508928571429,0,0,0,0,0,0,0,0,0,0,0,0,0,0,0,0,0,0,0,17.6785714285714,-89.7648809523809,0,0,0,0,0,0,91.7008928571429,0,0,0,0,0,0,0,0,0,0,0,0,0,3.65625,0,0,0,0,0,0,0,0,0,0,55.25,-9.39434523809524,0,0,0,40.5133928571429,0,0,0,25.78125,0,0,0,-6.36309523809524,0,0,0,0,0,0,0,0,0,0,0,0,0,0,0,0,0,0,0,0,0,0,0,0,0,0,0,0,0,0,0,0,0,0,0,-31.1532738095238,0,0,0.964285714285714,2.96130952380952,0,0,0,0,0,0,0,0,0,0,0,0,0,0,0,0,0
0,0,0,0,0,162.056547619048,0,0,0,0,0,0,-21.2752976190476,0,0,0,0,0,0,0,0,0,0,0,0,0,0,0,0,-1.50297619047619,0,0,0,0,0,-45.7678571428571,0,0,0,0,0,0,0,0,0,0,44.8839285714286,0,0,0,-53.2232142857143,0,0,0,0,3.54613095238095,-91.1339285714286,0,0,0,0,0,0,0,0,0,0,0,0,0,0,0,0,0,0,0,-24.3199404761905,0,0,0,0,0,0,0,0,0,0,0,0,0,0,0,0,0,0,0,0,0,0,0,0,0,0,0,0,0,0,0,0,0,0,0,0,0,0,0,0,0,-6.42857142857143,0,0,26.2485119047619,0,0,-4.01785714285714,0,0,0,-11.0193452380952,12.1845238095238
0,0,0,0,-164.508928571429,0,360.723214285714,0,0,0,0,0,0,0,0,0,0,0,0,0,0,0,0,0,0,0,-16.1517857142857,109.174107142857,0,0,0,0,0,0,-97.2098214285714,0,0,0,0,0,0,0,0,0,0,0,0,0,-29.3125,0,0,0,0,0,0,0,0,0,0,-102.59375,52.9419642857143,0,0,0,-126.522321428571,0,0,0,-29.3125,0,0,0,2.69196428571429,0,0,0,0,0,0,0,0,0,0,0,0,0,0,0,0,0,0,0,0,0,0,0,0,0,0,0,0,0,0,0,0,0,0,0,-21.8348214285714,0,0,-8.07589285714286,5.38392857142857,0,0,0,0,0,0,0,0,0,0,0,0,0,0,0,0,0
0,0,-15.6964285714286,0,0,0,0,48.4453125,0,0,0,0,0,-16.0212053571429,0,0,0,0,0,0,0,0,0,0,0,0,0,0,0,0,0,0,0,0,0,0,0,0,0,-13.4296875,0,0,0,0,0,-5.69866071428571,0,0,0,0,0,0,0,0,0,0,0,0,0,0,0,-23.9151785714286,0,0,0,0,0,0,0,0,0,0,0,-22.5100446428571,0,1.06026785714286,0,0,0,0,1.10044642857143,0,0,0,0,0,0,0,0,0,0,0,0,0,0,0,0,0,0,0,0,0,0,0,0,0,0,0,0,0,0,0,0,0,0,0,0,-19.5535714285714,0,0,0,0,2.00223214285714,0,0,4.08370535714286,-15.1004464285714,6.36049107142857,0,0
0,0,0,0,0,0,0,0,0,0,0,0,0,0,0,0,0,0,0,0,0,0,0,0,0,0,0,0,0,0,0,0,0,0,0,0,0,0,0,0,0,0,0,0,0,0,0,0,0,0,0,0,0,0,0,0,0,0,0,0,0,0,0,0,0,0,0,0,0,0,0,0,0,0,0,0,0,0,0,0,0,0,0,0,0,0,0,0,0,0,0,0,0,0,0,0,0,0,0,0,0,0,0,0,0,0,0,0,0,0,0,0,0,0,0,0,0,0,0,0,0,0,0,0,0,0,0,0,0,0
0,-84.8479166666667,0,0,0,0,0,0,0,163.235416666667,0,0,0,0,0,-18.15625,0,0,0,0,0,0,0,0,-53.2708333333333,0,0,0,0,0,0,0,0,0,0,0,0,0,0,0,0,0,0,0,0,0,0,0,0,0,0,0,0,0,0,0,0,0,0,0,0,0,0,0,0,0,21.8875,0,0,0,45.9958333333333,-71.5541666666667,0,0,0,0,0,8.33125,0,0,0,0,-26.1791666666667,0,20.3979166666667,0,0,1.19166666666667,2.37291666666667,0,0,0,0,-15.475,0,0,0,0,0,0,0,0,0,0,0,0,0,0,0,0,0,0,0,0,0,0,0,0,0,0,0,0,0,0,0,0,0,0,0,0
-83.3333333333333,0,0,138.104166666667,0,0,0,0,0,0,507.375,0,0,0,0,0,0,0,0,0,0,0,-93.3125,0,0,0,0,0,-154.125,0,0,0,0,0,0,0,0,0,0,0,0,0,0,-259.5,205.333333333333,0,0,0,0,0,0,0,0,0,0,0,0,0,-120.208333333333,0,0,0,0,0,0,0,0,0,0,0,0,0,0,0,0,0,0,0,0,0,0,0,0,0,0,0,0,0,0,0,0,0,0,0,0,0,0,0,0,0,0,0,0,0,0,0,0,0,0,-80.75,37.875,0,0,0,0,0,0,0,0,0,0,0,0,0,0,0,0,0,0,0
0,0,0,0,0,0,0,0,0,0,0,180.035714285714,0,0,0,0,0,0,42.2619047619048,-40.5714285714286,24.9345238095238,9.08630952380952,0,0,0,-109.669642857143,0,0,0,0,-73.7470238095238,0,0,0,0,0,0,0,0,0,0,0,0,0,0,0,0,72.6904761904762,0,0,0,-43.7410714285714,-43.1071428571429,13.9464285714286,0,0,0,0,0,0,0,0,0,0,0,0,0,0,0,0,0,0,0,0,0,0,0,0,0,0,0,0,0,0,0,0,0,0,0,0,0,0,0,0,-2.74702380952381,0,0,0,0,0,0,0,0,0,14.1577380952381,0,0,0,0,0,0,0,0,0,0,0,0,0,0,0,0,0,0,0,0,0,0,0,0,0
0,0,0,0,0,-21.2752976190476,0,0,0,0,0,0,390.181547619048,0,0,0,0,0,0,0,0,0,0,0,0,0,0,0,0,90.6488095238095,0,0,0,0,0,-89.3779761904762,0,0,0,0,0,0,0,0,0,0,8.33482142857143,0,0,0,-58.7455357142857,0,0,0,0,-37.9627976190476,-48.6785714285714,0,0,0,0,0,0,0,0,0,0,0,0,0,0,0,0,0,0,0,-139.700892857143,0,0,0,0,0,0,0,0,0,0,0,0,0,0,0,0,0,0,0,0,0,0,0,0,0,0,0,0,0,0,0,0,0,0,0,0,0,0,0,0,0,2.17857142857143,0,0,29.9806547619048,0,0,1.36160714285714,0,0,0,8.56101190476191,-133.81994047619
0,0,-3.79464285714286,0,0,0,0,-16.0212053571429,0,0,0,0,0,28.5792410714286,0,0,0,0,0,0,0,0,0,0,0,0,0,0,0,0,0,0,0,0,0,0,0,0,0,-4.28013392857143,0,0,0,0,0,22.7075892857143,0,0,0,0,0,0,0,0,0,0,0,0,0,0,0,22.0223214285714,0,0,0,0,0,0,0,0,0,0,0,10.2109375,0,-0.917410714285714,0,0,0,0,5.42633928571429,0,0,0,0,0,0,0,0,0,0,0,0,0,0,0,0,0,0,0,0,0,0,0,0,0,0,0,0,0,0,0,0,0,0,0,0,5.09821428571429,0,0,0,0,-1.88616071428571,0,0,-9.20424107142857,8.53794642857143,-1.72209821428571,0,0
0,0,0,0,0,0,0,0,0,0,0,0,0,0,59.3422619047619,0,0,-43.9151785714286,0,0,0,0,0,-7.59970238095238,0,0,0,0,0,0,0,0,-34.2321428571429,0,0,0,0,0,0,0,34.3422619047619,0,0,0,0,0,0,0,0,0,0,0,0,0,0,0,0,34.7738095238095,0,0,0,0,20.1904761904762,0,0,7.23809523809524,0,0,0,-32.2752976190476,0,0,0,0,-12.3869047619048,0,0,0,0,0,0,0,0,5.86607142857143,0,0,0,0,0,0,0,-7.25297619047619,0,0,0,0,0,0,0,0,0,0,0,0,0,0,0,0,0,0,0,0,0,0,0,0,0,0,0,0,0,0,0,0,0,0,0,0,0,0
0,46.88125,0,0,0,0,0,0,0,-18.15625,0,0,0,0,0,241.81875,0,0,0,0,0,0,0,0,4.1375,0,0,0,0,0,0,0,0,0,0,0,0,0,0,0,0,0,0,0,0,0,0,0,0,0,0,0,0,0,0,0,0,0,0,0,0,0,0,0,0,0,8.3875,0,0,0,-53.8625,67.225,0,0,0,0,0,-80.53125,0,0,0,0,-19.25,0,-13.79375,0,0,26.7875,-60.28125,0,0,0,0,17.575,0,0,0,0,0,0,0,0,0,0,0,0,0,0,0,0,0,0,0,0,0,0,0,0,0,0,0,0,0,0,0,0,0,0,0,0
0,0,0,0,0,0,0,0,0,0,0,0,0,0,0,0,54.1071428571429,0,0,0,0,0,0,0,0,0,0,0,0,0,0,0,0,0,0,0,0,-27.5,55.0982142857143,0,0,-10.1517857142857,-20.5803571428571,0,0,0,0,0,0,0,0,0,0,0,-19.5625,0,0,0,0,0,0,0,0,15.2053571428571,0,0,0,0,0,0,0,0,0,0,0,0,0,0,15.7053571428571,0,0,0,0,0,0,0,0,0,0,0,0,0,0,0,0,0,0,0,15.6875,0,0,0,0,0,0,-2.84821428571429,0,0,0,0,0,0,0,0,0,0,0,0,0,0,0,0,0,0,0,0,0,0,0,0
0,0,0,0,0,0,0,0,0,0,0,0,0,0,-43.9151785714286,0,0,81.8630952380952,0,0,0,0,0,64.1413690476191,0,0,0,0,0,0,0,0,-25.2991071428571,0,0,0,0,0,0,0,-34.2276785714286,0,0,0,0,0,0,0,0,0,0,0,0,0,0,0,0,-26.4925595238095,0,0,0,0,38.3616071428571,0,0,-21.6651785714286,0,0,0,1.59821428571429,0,0,0,0,19.8660714285714,0,0,0,0,0,0,0,0,7.72767857142857,0,0,0,0,0,0,0,-7.97619047619048,0,0,0,0,0,0,0,0,0,0,0,0,0,0,0,0,0,0,0,0,0,0,0,0,0,0,0,0,0,0,0,0,0,0,0,0,0,0
0,0,0,0,0,0,0,0,0,0,0,42.2619047619048,0,0,0,0,0,0,133.767857142857,-77.3675595238095,10.0372023809524,65.4002976190476,0,0,0,-122.410714285714,0,0,0,0,-103.630952380952,0,0,0,0,0,0,0,0,0,0,0,0,0,0,0,0,45.6398809523809,0,0,0,53.7425595238095,-110.160714285714,46.1071428571429,0,0,0,0,0,0,0,0,0,0,0,0,0,0,0,0,0,0,0,0,0,0,0,0,0,0,0,0,0,0,0,0,0,0,0,0,0,0,0,0,-10.078869047619,0,0,0,0,0,0,0,0,0,-4.65922619047619,0,0,0,0,0,0,0,0,0,0,0,0,0,0,0,0,0,0,0,0,0,0,0,0,0
0,0,0,0,0,0,0,0,0,0,0,-40.5714285714286,0,0,0,0,0,0,-77.3675595238095,81.1636904761905,-7.90029761904762,-21.9017857142857,0,0,0,63.4642857142857,0,0,0,0,31.046130952381,0,0,0,0,0,0,0,0,0,0,0,0,0,0,0,0,-27.672619047619,0,0,0,-13.4761904761905,82.6517857142857,-16.4657738095238,0,0,0,0,0,0,0,0,0,0,0,0,0,0,0,0,0,0,0,0,0,0,0,0,0,0,0,0,0,0,0,0,0,0,0,0,0,0,0,0,3.05654761904762,0,0,0,0,0,0,0,0,0,-1.12797619047619,0,0,0,0,0,0,0,0,0,0,0,0,0,0,0,0,0,0,0,0,0,0,0,0,0
0,0,0,0,0,0,0,0,0,0,0,24.9345238095238,0,0,0,0,0,0,10.0372023809524,-7.90029761904762,13.9255952380952,15.1473214285714,0,0,0,-22.2098214285714,0,0,0,0,6.57440476190476,0,0,0,0,0,0,0,0,0,0,0,0,0,0,0,0,8.30357142857143,0,0,0,-25.0372023809524,-14.6785714285714,13.0357142857143,0,0,0,0,0,0,0,0,0,0,0,0,0,0,0,0,0,0,0,0,0,0,0,0,0,0,0,0,0,0,0,0,0,0,0,0,0,0,0,0,-2.32142857142857,0,0,0,0,0,0,0,0,0,0.318452380952381,0,0,0,0,0,0,0,0,0,0,0,0,0,0,0,0,0,0,0,0,0,0,0,0,0
0,0,0,0,0,0,0,0,0,0,0,9.08630952380952,0,0,0,0,0,0,65.4002976190476,-21.9017857142857,15.1473214285714,60.3005952380952,0,0,0,-66.1130952380952,0,0,0,0,-54.5119047619048,0,0,0,0,0,0,0,0,0,0,0,0,0,0,0,0,20.4360119047619,0,0,0,14.0997023809524,-38.1964285714286,17.1517857142857,0,0,0,0,0,0,0,0,0,0,0,0,0,0,0,0,0,0,0,0,0,0,0,0,0,0,0,0,0,0,0,0,0,0,0,0,0,0,0,0,-8.64732142857143,0,0,0,0,0,0,0,0,0,-6.48511904761905,0,0,0,0,0,0,0,0,0,0,0,0,0,0,0,0,0,0,0,0,0,0,0,0,0
60.7083333333333,0,0,-60.6041666666667,0,0,0,0,0,0,-93.3125,0,0,0,0,0,0,0,0,0,0,0,46.7916666666667,0,0,0,0,0,81.3541666666667,0,0,0,0,0,0,0,0,0,0,0,0,0,0,41,-43.2708333333333,0,0,0,0,0,0,0,0,0,0,0,0,0,-4,0,0,0,0,0,0,0,0,0,0,0,0,0,0,0,0,0,0,0,0,0,0,0,0,0,0,0,0,0,0,0,0,0,0,0,0,0,0,0,0,0,0,0,0,0,0,0,0,0,0,12.6875,-7.875,0,0,0,0,0,0,0,0,0,0,0,0,0,0,0,0,0,0,0
0,0,0,0,0,0,0,0,0,0,0,0,0,0,-7.59970238095238,0,0,64.1413690476191,0,0,0,0,0,79.6636904761905,0,0,0,0,0,0,0,0,-80.3348214285714,0,0,0,0,0,0,0,-30.9330357142857,0,0,0,0,0,0,0,0,0,0,0,0,0,0,0,0,1.01190476190476,0,0,0,0,59.9494047619048,0,0,-5.11011904761905,0,0,0,-26.0699404761905,0,0,0,0,24.4419642857143,0,0,0,0,0,0,0,0,10.3497023809524,0,0,0,0,0,0,0,-18.2827380952381,0,0,0,0,0,0,0,0,0,0,0,0,0,0,0,0,0,0,0,0,0,0,0,0,0,0,0,0,0,0,0,0,0,0,0,0,0,0
0,56.2583333333333,0,0,0,0,0,0,0,-53.2708333333333,0,0,0,0,0,4.1375,0,0,0,0,0,0,0,0,31.7916666666667,0,0,0,0,0,0,0,0,0,0,0,0,0,0,0,0,0,0,0,0,0,0,0,0,0,0,0,0,0,0,0,0,0,0,0,0,0,0,0,0,0,-14.35,0,0,0,9.78333333333333,3.64583333333333,0,0,0,0,0,-27.125,0,0,0,0,0.345833333333333,0,-8.27083333333333,0,0,-9.89583333333333,-2.08333333333333,0,0,0,0,1.45,0,0,0,0,0,0,0,0,0,0,0,0,0,0,0,0,0,0,0,0,0,0,0,0,0,0,0,0,0,0,0,0,0,0,0,0
0,0,0,0,0,0,0,0,0,0,0,-109.669642857143,0,0,0,0,0,0,-122.410714285714,63.4642857142857,-22.2098214285714,-66.1130952380952,0,0,0,152.488095238095,0,0,0,0,121.938988095238,0,0,0,0,0,0,0,0,0,0,0,0,0,0,0,0,-69.7693452380952,0,0,0,-13.0059523809524,97.6964285714286,-52.7663690476191,0,0,0,0,0,0,0,0,0,0,0,0,0,0,0,0,0,0,0,0,0,0,0,0,0,0,0,0,0,0,0,0,0,0,0,0,0,0,0,0,11.6264880952381,0,0,0,0,0,0,0,0,0,-0.202380952380952,0,0,0,0,0,0,0,0,0,0,0,0,0,0,0,0,0,0,0,0,0,0,0,0,0
0,0,0,0,17.6785714285714,0,-16.1517857142857,0,0,0,0,0,0,0,0,0,0,0,0,0,0,0,0,0,0,0,26.0357142857143,21.4553571428571,0,0,0,0,0,0,-26.1160714285714,0,0,0,0,0,0,0,0,0,0,0,0,0,20.25,0,0,0,0,0,0,0,0,0,0,-2.25,-17.8392857142857,0,0,0,-5.86607142857143,0,0,0,5.625,0,0,0,-14.4642857142857,0,0,0,0,0,0,0,0,0,0,0,0,0,0,0,0,0,0,0,0,0,0,0,0,0,0,0,0,0,0,0,0,0,0,0,-12.0535714285714,0,0,-2.16964285714286,5.38392857142857,0,0,0,0,0,0,0,0,0,0,0,0,0,0,0,0,0
0,0,0,0,-89.7648809523809,0,109.174107142857,0,0,0,0,0,0,0,0,0,0,0,0,0,0,0,0,0,0,0,21.4553571428571,214.175595238095,0,0,0,0,0,0,-134.495535714286,0,0,0,0,0,0,0,0,0,0,0,0,0,12.65625,0,0,0,0,0,0,0,0,0,0,-49.2604166666667,11.7886904761905,0,0,0,-50.7247023809524,0,0,0,-15.15625,0,0,0,-12.5550595238095,0,0,0,0,0,0,0,0,0,0,0,0,0,0,0,0,0,0,0,0,0,0,0,0,0,0,0,0,0,0,0,0,0,0,0,58.6607142857143,0,0,-6.99107142857143,-6.68303571428571,0,0,0,0,0,0,0,0,0,0,0,0,0,0,0,0,0
132.59375,0,0,-150.15625,0,0,0,0,0,0,-154.125,0,0,0,0,0,0,0,0,0,0,0,81.3541666666667,0,0,0,0,0,150.104166666667,0,0,0,0,0,0,0,0,0,0,0,0,0,0,66.875,-56.6875,0,0,0,0,0,0,0,0,0,0,0,0,0,-13.6458333333333,0,0,0,0,0,0,0,0,0,0,0,0,0,0,0,0,0,0,0,0,0,0,0,0,0,0,0,0,0,0,0,0,0,0,0,0,0,0,0,0,0,0,0,0,0,0,0,0,0,0,22.96875,-8.8125,0,0,0,0,0,0,0,0,0,0,0,0,0,0,0,0,0,0,0
0,0,0,0,0,-1.50297619047619,0,0,0,0,0,0,90.6488095238095,0,0,0,0,0,0,0,0,0,0,0,0,0,0,0,0,96.1755952380952,0,0,0,0,0,-79.2901785714286,0,0,0,0,0,0,0,0,0,0,3.32738095238095,0,0,0,5.54464285714286,0,0,0,0,3.17410714285714,20.6934523809524,0,0,0,0,0,0,0,0,0,0,0,0,0,0,0,0,0,0,0,-23.6651785714286,0,0,0,0,0,0,0,0,0,0,0,0,0,0,0,0,0,0,0,0,0,0,0,0,0,0,0,0,0,0,0,0,0,0,0,0,0,0,0,0,0,-16.9642857142857,0,0,9.93154761904762,0,0,-10.6026785714286,0,0,0,-22.358630952381,-72.3244047619048
0,0,0,0,0,0,0,0,0,0,0,-73.7470238095238,0,0,0,0,0,0,-103.630952380952,31.046130952381,6.57440476190476,-54.5119047619048,0,0,0,121.938988095238,0,0,0,0,189.071428571429,0,0,0,0,0,0,0,0,0,0,0,0,0,0,0,0,-66.7306547619048,0,0,0,-78.8898809523809,34.4285714285714,10.016369047619,0,0,0,0,0,0,0,0,0,0,0,0,0,0,0,0,0,0,0,0,0,0,0,0,0,0,0,0,0,0,0,0,0,0,0,0,0,0,0,0,8.95684523809524,0,0,0,0,0,0,0,0,0,0.827380952380952,0,0,0,0,0,0,0,0,0,0,0,0,0,0,0,0,0,0,0,0,0,0,0,0,0
0,0,0,0,0,0,0,0,0,0,0,0,0,0,0,0,0,0,0,0,0,0,0,0,0,0,0,0,0,0,0,0,0,0,0,0,0,0,0,0,0,0,0,0,0,0,0,0,0,0,0,0,0,0,0,0,0,0,0,0,0,0,0,0,0,0,0,0,0,0,0,0,0,0,0,0,0,0,0,0,0,0,0,0,0,0,0,0,0,0,0,0,0,0,0,0,0,0,0,0,0,0,0,0,0,0,0,0,0,0,0,0,0,0,0,0,0,0,0,0,0,0,0,0,0,0,0,0,0,0
0,0,0,0,0,0,0,0,0,0,0,0,0,0,-34.2321428571429,0,0,-25.2991071428571,0,0,0,0,0,-80.3348214285714,0,0,0,0,0,0,0,0,236.410714285714,0,0,0,0,0,0,0,60.6428571428571,0,0,0,0,0,0,0,0,0,0,0,0,0,0,0,0,15.6830357142857,0,0,0,0,-116.035714285714,0,0,-25.6071428571429,0,0,0,59.5535714285714,0,0,0,0,-56.2008928571429,0,0,0,0,0,0,0,0,-43.4241071428571,0,0,0,0,0,0,0,4.34821428571429,0,0,0,0,0,0,0,0,0,0,0,0,0,0,0,0,0,0,0,0,0,0,0,0,0,0,0,0,0,0,0,0,0,0,0,0,0,0
0,0,0,0,0,0,0,0,0,0,0,0,0,0,0,0,0,0,0,0,0,0,0,0,0,0,0,0,0,0,0,0,0,0,0,0,0,0,0,0,0,0,0,0,0,0,0,0,0,0,0,0,0,0,0,0,0,0,0,0,0,0,0,0,0,0,0,0,0,0,0,0,0,0,0,0,0,0,0,0,0,0,0,0,0,0,0,0,0,0,0,0,0,0,0,0,0,0,0,0,0,0,0,0,0,0,0,0,0,0,0,0,0,0,0,0,0,0,0,0,0,0,0,0,0,0,0,0,0,0
0,0,0,0,91.7008928571429,0,-97.2098214285714,0,0,0,0,0,0,0,0,0,0,0,0,0,0,0,0,0,0,0,-26.1160714285714,-134.495535714286,0,0,0,0,0,0,211.580357142857,0,0,0,0,0,0,0,0,0,0,0,0,0,-75.28125,0,0,0,0,0,0,0,0,0,0,74.1979166666667,43.1339285714286,0,0,0,40.4866071428571,0,0,0,7.45833333333333,0,0,0,30.4985119047619,0,0,0,0,0,0,0,0,0,0,0,0,0,0,0,0,0,0,0,0,0,0,0,0,0,0,0,0,0,0,0,0,0,0,0,-5.85714285714286,0,0,-13.0580357142857,-34.0133928571429,0,0,0,0,0,0,0,0,0,0,0,0,0,0,0,0,0
0,0,0,0,0,-45.7678571428571,0,0,0,0,0,0,-89.3779761904762,0,0,0,0,0,0,0,0,0,0,0,0,0,0,0,0,-79.2901785714286,0,0,0,0,0,114.946428571429,0,0,0,0,0,0,0,0,0,0,-30.702380952381,0,0,0,11.0595238095238,0,0,0,0,32.0967261904762,-17.0684523809524,0,0,0,0,0,0,0,0,0,0,0,0,0,0,0,0,0,0,0,31.5193452380952,0,0,0,0,0,0,0,0,0,0,0,0,0,0,0,0,0,0,0,0,0,0,0,0,0,0,0,0,0,0,0,0,0,0,0,0,0,0,0,0,0,18.7142857142857,0,0,-31.6502976190476,0,0,11.6964285714286,0,0,0,22.108630952381,68.9806547619048
0,0,0,0,0,0,0,0,0,0,0,0,0,0,0,0,0,0,0,0,0,0,0,0,0,0,0,0,0,0,0,0,0,0,0,0,0,0,0,0,0,0,0,0,0,0,0,0,0,0,0,0,0,0,0,0,0,0,0,0,0,0,0,0,0,0,0,0,0,0,0,0,0,0,0,0,0,0,0,0,0,0,0,0,0,0,0,0,0,0,0,0,0,0,0,0,0,0,0,0,0,0,0,0,0,0,0,0,0,0,0,0,0,0,0,0,0,0,0,0,0,0,0,0,0,0,0,0,0,0
0,0,0,0,0,0,0,0,0,0,0,0,0,0,0,0,-27.5,0,0,0,0,0,0,0,0,0,0,0,0,0,0,0,0,0,0,0,0,84.6953125,-63.1104910714286,0,0,24.75,-11.8404017857143,0,0,0,0,0,0,0,0,0,0,0,32.7801339285714,0,0,0,0,0,0,0,0,-59.5178571428571,0,0,0,0,0,0,0,0,0,0,0,0,0,0,-19.2645089285714,0,0,0,0,0,0,0,0,0,0,0,0,0,0,0,0,0,0,0,9.59933035714286,0,0,0,0,0,0,-6.31138392857143,0,0,0,0,0,0,0,0,0,0,0,0,0,0,0,0,0,0,0,0,0,0,0,0
0,0,0,0,0,0,0,0,0,0,0,0,0,0,0,0,55.0982142857143,0,0,0,0,0,0,0,0,0,0,0,0,0,0,0,0,0,0,0,0,-63.1104910714286,182.989955357143,0,0,-26.1875,-6.44084821428571,0,0,0,0,0,0,0,0,0,0,0,-14.3828125,0,0,0,0,0,0,0,0,11.7053571428571,0,0,0,0,0,0,0,0,0,0,0,0,0,0,-13.4185267857143,0,0,0,0,0,0,0,0,0,0,0,0,0,0,0,0,0,0,0,47.7890625,0,0,0,0,0,0,-16.0859375,0,0,0,0,0,0,0,0,0,0,0,0,0,0,0,0,0,0,0,0,0,0,0,0
0,0,-2.83035714285714,0,0,0,0,-13.4296875,0,0,0,0,0,-4.28013392857143,0,0,0,0,0,0,0,0,0,0,0,0,0,0,0,0,0,0,0,0,0,0,0,0,0,32.0703125,0,0,0,0,0,-3.859375,0,0,0,0,0,0,0,0,0,0,0,0,0,0,0,-8.11160714285714,0,0,0,0,0,0,0,0,0,0,0,10.6149553571429,0,8.96205357142857,0,0,0,0,2.01116071428571,0,0,0,0,0,0,0,0,0,0,0,0,0,0,0,0,0,0,0,0,0,0,0,0,0,0,0,0,0,0,0,0,0,0,0,0,-9.16964285714286,0,0,0,0,-3.10491071428571,0,0,21.6104910714286,2.578125,13.7712053571429,0,0
0,0,0,0,0,0,0,0,0,0,0,0,0,0,34.3422619047619,0,0,-34.2276785714286,0,0,0,0,0,-30.9330357142857,0,0,0,0,0,0,0,0,60.6428571428571,0,0,0,0,0,0,0,67.6339285714286,0,0,0,0,0,0,0,0,0,0,0,0,0,0,0,0,37.5446428571429,0,0,0,0,-17.1949404761905,0,0,-32.1473214285714,0,0,0,-17.1607142857143,0,0,0,0,-40.0952380952381,0,0,0,0,0,0,0,0,9.02232142857143,0,0,0,0,0,0,0,-3.96130952380952,0,0,0,0,0,0,0,0,0,0,0,0,0,0,0,0,0,0,0,0,0,0,0,0,0,0,0,0,0,0,0,0,0,0,0,0,0,0
0,0,0,0,0,0,0,0,0,0,0,0,0,0,0,0,-10.1517857142857,0,0,0,0,0,0,0,0,0,0,0,0,0,0,0,0,0,0,0,0,24.75,-26.1875,0,0,34.5357142857143,-24.7767857142857,0,0,0,0,0,0,0,0,0,0,0,-17.4732142857143,0,0,0,0,0,0,0,0,1.91071428571429,0,0,0,0,0,0,0,0,0,0,0,0,0,0,29.6696428571429,0,0,0,0,0,0,0,0,0,0,0,0,0,0,0,0,0,0,0,5.27678571428571,0,0,0,0,0,0,-5.17857142857143,0,0,0,0,0,0,0,0,0,0,0,0,0,0,0,0,0,0,0,0,0,0,0,0
0,0,0,0,0,0,0,0,0,0,0,0,0,0,0,0,-20.5803571428571,0,0,0,0,0,0,0,0,0,0,0,0,0,0,0,0,0,0,0,0,-11.8404017857143,-6.44084821428571,0,0,-24.7767857142857,42.7667410714286,0,0,0,0,0,0,0,0,0,0,0,17.8962053571429,0,0,0,0,0,0,0,0,2.01785714285714,0,0,0,0,0,0,0,0,0,0,0,0,0,0,-33.9966517857143,0,0,0,0,0,0,0,0,0,0,0,0,0,0,0,0,0,0,0,-13.3649553571429,0,0,0,0,0,0,10.0011160714286,0,0,0,0,0,0,0,0,0,0,0,0,0,0,0,0,0,0,0,0,0,0,0,0
32.5625,0,0,-63.0625,0,0,0,0,0,0,-259.5,0,0,0,0,0,0,0,0,0,0,0,41,0,0,0,0,0,66.875,0,0,0,0,0,0,0,0,0,0,0,0,0,0,134.25,-103.625,0,0,0,0,0,0,0,0,0,0,0,0,0,67.375,0,0,0,0,0,0,0,0,0,0,0,0,0,0,0,0,0,0,0,0,0,0,0,0,0,0,0,0,0,0,0,0,0,0,0,0,0,0,0,0,0,0,0,0,0,0,0,0,0,0,41.8125,-19.125,0,0,0,0,0,0,0,0,0,0,0,0,0,0,0,0,0,0,0
5.80208333333333,0,0,-20.6979166666667,0,0,0,0,0,0,205.333333333333,0,0,0,0,0,0,0,0,0,0,0,-43.2708333333333,0,0,0,0,0,-56.6875,0,0,0,0,0,0,0,0,0,0,0,0,0,0,-103.625,112.6875,0,0,0,0,0,0,0,0,0,0,0,0,0,-50.1458333333333,0,0,0,0,0,0,0,0,0,0,0,0,0,0,0,0,0,0,0,0,0,0,0,0,0,0,0,0,0,0,0,0,0,0,0,0,0,0,0,0,0,0,0,0,0,0,0,0,0,0,-28.03125,23.4375,0,0,0,0,0,0,0,0,0,0,0,0,0,0,0,0,0,0,0
0,0,11.9464285714286,0,0,0,0,-5.69866071428571,0,0,0,0,0,22.7075892857143,0,0,0,0,0,0,0,0,0,0,0,0,0,0,0,0,0,0,0,0,0,0,0,0,0,-3.859375,0,0,0,0,0,63.9419642857143,0,0,0,0,0,0,0,0,0,0,0,0,0,0,0,-2.09821428571429,0,0,0,0,0,0,0,0,0,0,0,25.3727678571429,0,-1.29017857142857,0,0,0,0,10.09375,0,0,0,0,0,0,0,0,0,0,0,0,0,0,0,0,0,0,0,0,0,0,0,0,0,0,0,0,0,0,0,0,0,0,0,0,-9.40178571428571,0,0,0,0,6.32589285714286,0,0,-3.02901785714286,-0.46875,-5.20758928571429,0,0
0,0,0,0,0,44.8839285714286,0,0,0,0,0,0,8.33482142857143,0,0,0,0,0,0,0,0,0,0,0,0,0,0,0,0,3.32738095238095,0,0,0,0,0,-30.702380952381,0,0,0,0,0,0,0,0,0,0,74.7678571428571,0,0,0,-4.08184523809524,0,0,0,0,-5.87648809523809,-35.4657738095238,0,0,0,0,0,0,0,0,0,0,0,0,0,0,0,0,0,0,0,-6.43154761904762,0,0,0,0,0,0,0,0,0,0,0,0,0,0,0,0,0,0,0,0,0,0,0,0,0,0,0,0,0,0,0,0,0,0,0,0,0,0,0,0,0,-0.357142857142857,0,0,6.24702380952381,0,0,-0.223214285714286,0,0,0,-9.12202380952381,-6.91220238095238
0,0,0,0,0,0,0,0,0,0,0,72.6904761904762,0,0,0,0,0,0,45.6398809523809,-27.672619047619,8.30357142857143,20.4360119047619,0,0,0,-69.7693452380952,0,0,0,0,-66.7306547619048,0,0,0,0,0,0,0,0,0,0,0,0,0,0,0,0,40.0505952380952,0,0,0,0.120535714285714,-31.1964285714286,8.98511904761905,0,0,0,0,0,0,0,0,0,0,0,0,0,0,0,0,0,0,0,0,0,0,0,0,0,0,0,0,0,0,0,0,0,0,0,0,0,0,0,0,-4.04315476190476,0,0,0,0,0,0,0,0,0,3.23363095238095,0,0,0,0,0,0,0,0,0,0,0,0,0,0,0,0,0,0,0,0,0,0,0,0,0
0,0,0,0,3.65625,0,-29.3125,0,0,0,0,0,0,0,0,0,0,0,0,0,0,0,0,0,0,0,20.25,12.65625,0,0,0,0,0,0,-75.28125,0,0,0,0,0,0,0,0,0,0,0,0,0,59.1041666666667,0,0,0,0,0,0,0,0,0,0,-23.1458333333333,-28.375,0,0,0,2.58333333333333,0,0,0,17.40625,0,0,0,-23.75,0,0,0,0,0,0,0,0,0,0,0,0,0,0,0,0,0,0,0,0,0,0,0,0,0,0,0,0,0,0,0,0,0,0,0,-12.3958333333333,0,0,4.21875,18.6875,0,0,0,0,0,0,0,0,0,0,0,0,0,0,0,0,0
0,0,0,0,0,0,0,0,0,0,0,0,0,0,0,0,0,0,0,0,0,0,0,0,0,0,0,0,0,0,0,0,0,0,0,0,0,0,0,0,0,0,0,0,0,0,0,0,0,0,0,0,0,0,0,0,0,0,0,0,0,0,0,0,0,0,0,0,0,0,0,0,0,0,0,0,0,0,0,0,0,0,0,0,0,0,0,0,0,0,0,0,0,0,0,0,0,0,0,0,0,0,0,0,0,0,0,0,0,0,0,0,0,0,0,0,0,0,0,0,0,0,0,0,0,0,0,0,0,0
0,0,0,0,0,-53.2232142857143,0,0,0,0,0,0,-58.7455357142857,0,0,0,0,0,0,0,0,0,0,0,0,0,0,0,0,5.54464285714286,0,0,0,0,0,11.0595238095238,0,0,0,0,0,0,0,0,0,0,-4.08184523809524,0,0,0,37.0773809523809,0,0,0,0,2.74553571428571,48.5401785714286,0,0,0,0,0,0,0,0,0,0,0,0,0,0,0,0,0,0,0,36.1116071428571,0,0,0,0,0,0,0,0,0,0,0,0,0,0,0,0,0,0,0,0,0,0,0,0,0,0,0,0,0,0,0,0,0,0,0,0,0,0,0,0,0,-2.57142857142857,0,0,-12.9464285714286,0,0,-1.60714285714286,0,0,0,-5.26190476190476,5.16964285714286
0,0,0,0,0,0,0,0,0,0,0,-43.7410714285714,0,0,0,0,0,0,53.7425595238095,-13.4761904761905,-25.0372023809524,14.0997023809524,0,0,0,-13.0059523809524,0,0,0,0,-78.8898809523809,0,0,0,0,0,0,0,0,0,0,0,0,0,0,0,0,0.120535714285714,0,0,0,111.85119047619,-18.7767857142857,-19.0342261904762,0,0,0,0,0,0,0,0,0,0,0,0,0,0,0,0,0,0,0,0,0,0,0,0,0,0,0,0,0,0,0,0,0,0,0,0,0,0,0,0,0.0580357142857143,0,0,0,0,0,0,0,0,0,-3.95535714285714,0,0,0,0,0,0,0,0,0,0,0,0,0,0,0,0,0,0,0,0,0,0,0,0,0
0,0,0,0,0,0,0,0,0,0,0,-43.1071428571429,0,0,0,0,0,0,-110.160714285714,82.6517857142857,-14.6785714285714,-38.1964285714286,0,0,0,97.6964285714286,0,0,0,0,34.4285714285714,0,0,0,0,0,0,0,0,0,0,0,0,0,0,0,0,-31.1964285714286,0,0,0,-18.7767857142857,126.321428571429,-73.6517857142857,0,0,0,0,0,0,0,0,0,0,0,0,0,0,0,0,0,0,0,0,0,0,0,0,0,0,0,0,0,0,0,0,0,0,0,0,0,0,0,0,6.61607142857143,0,0,0,0,0,0,0,0,0,1.65178571428571,0,0,0,0,0,0,0,0,0,0,0,0,0,0,0,0,0,0,0,0,0,0,0,0,0
0,0,0,0,0,0,0,0,0,0,0,13.9464285714286,0,0,0,0,0,0,46.1071428571429,-16.4657738095238,13.0357142857143,17.1517857142857,0,0,0,-52.7663690476191,0,0,0,0,10.016369047619,0,0,0,0,0,0,0,0,0,0,0,0,0,0,0,0,8.98511904761905,0,0,0,-19.0342261904762,-73.6517857142857,92.7470238095238,0,0,0,0,0,0,0,0,0,0,0,0,0,0,0,0,0,0,0,0,0,0,0,0,0,0,0,0,0,0,0,0,0,0,0,0,0,0,0,0,-5.49404761904762,0,0,0,0,0,0,0,0,0,-3.37202380952381,0,0,0,0,0,0,0,0,0,0,0,0,0,0,0,0,0,0,0,0,0,0,0,0,0
0,0,0,0,0,0,0,0,0,0,0,0,0,0,0,0,-19.5625,0,0,0,0,0,0,0,0,0,0,0,0,0,0,0,0,0,0,0,0,32.7801339285714,-14.3828125,0,0,-17.4732142857143,17.8962053571429,0,0,0,0,0,0,0,0,0,0,0,108.364955357143,0,0,0,0,0,0,0,0,-56.9196428571429,0,0,0,0,0,0,0,0,0,0,0,0,0,0,-18.7957589285714,0,0,0,0,0,0,0,0,0,0,0,0,0,0,0,0,0,0,0,-28.4765625,0,0,0,0,0,0,-7.99441964285714,0,0,0,0,0,0,0,0,0,0,0,0,0,0,0,0,0,0,0,0,0,0,0,0
0,0,0,0,0,3.54613095238095,0,0,0,0,0,0,-37.9627976190476,0,0,0,0,0,0,0,0,0,0,0,0,0,0,0,0,3.17410714285714,0,0,0,0,0,32.0967261904762,0,0,0,0,0,0,0,0,0,0,-5.87648809523809,0,0,0,2.74553571428571,0,0,0,0,122.348214285714,1.2202380952381,0,0,0,0,0,0,0,0,0,0,0,0,0,0,0,0,0,0,0,10.8779761904762,0,0,0,0,0,0,0,0,0,0,0,0,0,0,0,0,0,0,0,0,0,0,0,0,0,0,0,0,0,0,0,0,0,0,0,0,0,0,0,0,0,-3.42857142857143,0,0,-29.5431547619048,0,0,-2.14285714285714,0,0,0,-9.75892857142857,30.7261904761905
0,0,0,0,0,-91.1339285714286,0,0,0,0,0,0,-48.6785714285714,0,0,0,0,0,0,0,0,0,0,0,0,0,0,0,0,20.6934523809524,0,0,0,0,0,-17.0684523809524,0,0,0,0,0,0,0,0,0,0,-35.4657738095238,0,0,0,48.5401785714286,0,0,0,0,1.2202380952381,120.872023809524,0,0,0,0,0,0,0,0,0,0,0,0,0,0,0,0,0,0,0,41.3586309523809,0,0,0,0,0,0,0,0,0,0,0,0,0,0,0,0,0,0,0,0,0,0,0,0,0,0,0,0,0,0,0,0,0,0,0,0,0,0,0,0,0,-10.6428571428571,0,0,-6.60119047619048,0,0,-6.65178571428571,0,0,0,-7.87797619047619,-6.73363095238095
0,0,0,0,0,0,0,0,0,0,0,0,0,0,34.7738095238095,0,0,-26.4925595238095,0,0,0,0,0,1.01190476190476,0,0,0,0,0,0,0,0,15.6830357142857,0,0,0,0,0,0,0,37.5446428571429,0,0,0,0,0,0,0,0,0,0,0,0,0,0,0,0,70.1815476190476,0,0,0,0,-23.547619047619,0,0,-7.09077380952381,0,0,0,-31.7827380952381,0,0,0,0,-25.7157738095238,0,0,0,0,0,0,0,0,-6.27380952380952,0,0,0,0,0,0,0,-18.827380952381,0,0,0,0,0,0,0,0,0,0,0,0,0,0,0,0,0,0,0,0,0,0,0,0,0,0,0,0,0,0,0,0,0,0,0,0,0,0
-30.90625,0,0,16.78125,0,0,0,0,0,0,-120.208333333333,0,0,0,0,0,0,0,0,0,0,0,-4,0,0,0,0,0,-13.6458333333333,0,0,0,0,0,0,0,0,0,0,0,0,0,0,67.375,-50.1458333333333,0,0,0,0,0,0,0,0,0,0,0,0,0,52.8958333333333,0,0,0,0,0,0,0,0,0,0,0,0,0,0,0,0,0,0,0,0,0,0,0,0,0,0,0,0,0,0,0,0,0,0,0,0,0,0,0,0,0,0,0,0,0,0,0,0,0,0,20.09375,-9.9375,0,0,0,0,0,0,0,0,0,0,0,0,0,0,0,0,0,0,0
0,0,0,0,55.25,0,-102.59375,0,0,0,0,0,0,0,0,0,0,0,0,0,0,0,0,0,0,0,-2.25,-49.2604166666667,0,0,0,0,0,0,74.1979166666667,0,0,0,0,0,0,0,0,0,0,0,0,0,-23.1458333333333,0,0,0,0,0,0,0,0,0,0,48.5416666666667,-7.80208333333333,0,0,0,39.9791666666667,0,0,0,-1.73958333333333,0,0,0,11.46875,0,0,0,0,0,0,0,0,0,0,0,0,0,0,0,0,0,0,0,0,0,0,0,0,0,0,0,0,0,0,0,0,0,0,0,7.88541666666667,0,0,0.84375,-10.5416666666667,0,0,0,0,0,0,0,0,0,0,0,0,0,0,0,0,0
0,0,0,0,-9.39434523809524,0,52.9419642857143,0,0,0,0,0,0,0,0,0,0,0,0,0,0,0,0,0,0,0,-17.8392857142857,11.7886904761905,0,0,0,0,0,0,43.1339285714286,0,0,0,0,0,0,0,0,0,0,0,0,0,-28.375,0,0,0,0,0,0,0,0,0,0,-7.80208333333333,49.8482142857143,0,0,0,-22.0327380952381,0,0,0,5.55208333333333,0,0,0,9.03571428571429,0,0,0,0,0,0,0,0,0,0,0,0,0,0,0,0,0,0,0,0,0,0,0,0,0,0,0,0,0,0,0,0,0,0,0,8.70684523809524,0,0,-9.48214285714286,-14.0848214285714,0,0,0,0,0,0,0,0,0,0,0,0,0,0,0,0,0
0,0,10.1428571428571,0,0,0,0,-23.9151785714286,0,0,0,0,0,22.0223214285714,0,0,0,0,0,0,0,0,0,0,0,0,0,0,0,0,0,0,0,0,0,0,0,0,0,-8.11160714285714,0,0,0,0,0,-2.09821428571429,0,0,0,0,0,0,0,0,0,0,0,0,0,0,0,48.9107142857143,0,0,0,0,0,0,0,0,0,0,0,14.2633928571429,0,-12.9196428571429,0,0,0,0,8.65178571428571,0,0,0,0,0,0,0,0,0,0,0,0,0,0,0,0,0,0,0,0,0,0,0,0,0,0,0,0,0,0,0,0,0,0,0,0,22.8571428571429,0,0,0,0,-8.24107142857143,0,0,-10.5044642857143,10.8482142857143,-31.2544642857143,0,0
0,0,0,0,0,0,0,0,0,0,0,0,0,0,20.1904761904762,0,0,38.3616071428571,0,0,0,0,0,59.9494047619048,0,0,0,0,0,0,0,0,-116.035714285714,0,0,0,0,0,0,0,-17.1949404761905,0,0,0,0,0,0,0,0,0,0,0,0,0,0,0,0,-23.547619047619,0,0,0,0,94.2023809523809,0,0,-9.92410714285714,0,0,0,-32.6889880952381,0,0,0,0,22.9613095238095,0,0,0,0,0,0,0,0,26.6741071428571,0,0,0,0,0,0,0,-4.09821428571429,0,0,0,0,0,0,0,0,0,0,0,0,0,0,0,0,0,0,0,0,0,0,0,0,0,0,0,0,0,0,0,0,0,0,0,0,0,0
0,0,0,0,0,0,0,0,0,0,0,0,0,0,0,0,15.2053571428571,0,0,0,0,0,0,0,0,0,0,0,0,0,0,0,0,0,0,0,0,-59.5178571428571,11.7053571428571,0,0,1.91071428571429,2.01785714285714,0,0,0,0,0,0,0,0,0,0,0,-56.9196428571429,0,0,0,0,0,0,0,0,68.0357142857143,0,0,0,0,0,0,0,0,0,0,0,0,0,0,37.6875,0,0,0,0,0,0,0,0,0,0,0,0,0,0,0,0,0,0,0,-11.0357142857143,0,0,0,0,0,0,10.0982142857143,0,0,0,0,0,0,0,0,0,0,0,0,0,0,0,0,0,0,0,0,0,0,0,0
0,0,0,0,40.5133928571429,0,-126.522321428571,0,0,0,0,0,0,0,0,0,0,0,0,0,0,0,0,0,0,0,-5.86607142857143,-50.7247023809524,0,0,0,0,0,0,40.4866071428571,0,0,0,0,0,0,0,0,0,0,0,0,0,2.58333333333333,0,0,0,0,0,0,0,0,0,0,39.9791666666667,-22.0327380952381,0,0,0,55.7470238095238,0,0,0,2.5625,0,0,0,7.23809523809524,0,0,0,0,0,0,0,0,0,0,0,0,0,0,0,0,0,0,0,0,0,0,0,0,0,0,0,0,0,0,0,0,0,0,0,19.0282738095238,0,0,4.37946428571429,-6.04464285714286,0,0,0,0,0,0,0,0,0,0,0,0,0,0,0,0,0
0,0,0,0,0,0,0,0,0,0,0,0,0,0,7.23809523809524,0,0,-21.6651785714286,0,0,0,0,0,-5.11011904761905,0,0,0,0,0,0,0,0,-25.6071428571429,0,0,0,0,0,0,0,-32.1473214285714,0,0,0,0,0,0,0,0,0,0,0,0,0,0,0,0,-7.09077380952381,0,0,0,0,-9.92410714285714,0,0,74.2380952380952,0,0,0,12.5580357142857,0,0,0,0,38.9360119047619,0,0,0,0,0,0,0,0,-0.665178571428571,0,0,0,0,0,0,0,-6.50297619047619,0,0,0,0,0,0,0,0,0,0,0,0,0,0,0,0,0,0,0,0,0,0,0,0,0,0,0,0,0,0,0,0,0,0,0,0,0,0
0,-40.05,0,0,0,0,0,0,0,21.8875,0,0,0,0,0,8.3875,0,0,0,0,0,0,0,0,-14.35,0,0,0,0,0,0,0,0,0,0,0,0,0,0,0,0,0,0,0,0,0,0,0,0,0,0,0,0,0,0,0,0,0,0,0,0,0,0,0,0,0,24.875,0,0,0,-16.1875,13.5625,0,0,0,0,0,-2.3,0,0,0,0,20.65,0,2.6625,0,0,11.325,1.0375,0,0,0,0,5.575,0,0,0,0,0,0,0,0,0,0,0,0,0,0,0,0,0,0,0,0,0,0,0,0,0,0,0,0,0,0,0,0,0,0,0,0
0,0,0,0,0,0,0,0,0,0,0,0,0,0,0,0,0,0,0,0,0,0,0,0,0,0,0,0,0,0,0,0,0,0,0,0,0,0,0,0,0,0,0,0,0,0,0,0,0,0,0,0,0,0,0,0,0,0,0,0,0,0,0,0,0,0,0,0,0,0,0,0,0,0,0,0,0,0,0,0,0,0,0,0,0,0,0,0,0,0,0,0,0,0,0,0,0,0,0,0,0,0,0,0,0,0,0,0,0,0,0,0,0,0,0,0,0,0,0,0,0,0,0,0,0,0,0,0,0,0
0,0,0,0,25.78125,0,-29.3125,0,0,0,0,0,0,0,0,0,0,0,0,0,0,0,0,0,0,0,5.625,-15.15625,0,0,0,0,0,0,7.45833333333333,0,0,0,0,0,0,0,0,0,0,0,0,0,17.40625,0,0,0,0,0,0,0,0,0,0,-1.73958333333333,5.55208333333333,0,0,0,2.5625,0,0,0,17.3958333333333,0,0,0,-8.79166666666667,0,0,0,0,0,0,0,0,0,0,0,0,0,0,0,0,0,0,0,0,0,0,0,0,0,0,0,0,0,0,0,0,0,0,0,-9.52083333333333,0,0,-3.09375,2.02083333333333,0,0,0,0,0,0,0,0,0,0,0,0,0,0,0,0,0
0,0,0,0,0,0,0,0,0,0,0,0,0,0,-32.2752976190476,0,0,1.59821428571429,0,0,0,0,0,-26.0699404761905,0,0,0,0,0,0,0,0,59.5535714285714,0,0,0,0,0,0,0,-17.1607142857143,0,0,0,0,0,0,0,0,0,0,0,0,0,0,0,0,-31.7827380952381,0,0,0,0,-32.6889880952381,0,0,12.5580357142857,0,0,0,42.5386904761905,0,0,0,0,2.36011904761905,0,0,0,0,0,0,0,0,-24.8497023809524,0,0,0,0,0,0,0,11.2410714285714,0,0,0,0,0,0,0,0,0,0,0,0,0,0,0,0,0,0,0,0,0,0,0,0,0,0,0,0,0,0,0,0,0,0,0,0,0,0
0,32.7041666666667,0,0,0,0,0,0,0,45.9958333333333,0,0,0,0,0,-53.8625,0,0,0,0,0,0,0,0,9.78333333333333,0,0,0,0,0,0,0,0,0,0,0,0,0,0,0,0,0,0,0,0,0,0,0,0,0,0,0,0,0,0,0,0,0,0,0,0,0,0,0,0,0,-16.1875,0,0,0,70.7666666666667,-72.7958333333333,0,0,0,0,0,-22.725,0,0,0,0,-29.9958333333333,0,3.38333333333333,0,0,-24.2541666666667,6.52083333333333,0,0,0,0,-17.45,0,0,0,0,0,0,0,0,0,0,0,0,0,0,0,0,0,0,0,0,0,0,0,0,0,0,0,0,0,0,0,0,0,0,0,0
0,-10.4708333333333,0,0,0,0,0,0,0,-71.5541666666667,0,0,0,0,0,67.225,0,0,0,0,0,0,0,0,3.64583333333333,0,0,0,0,0,0,0,0,0,0,0,0,0,0,0,0,0,0,0,0,0,0,0,0,0,0,0,0,0,0,0,0,0,0,0,0,0,0,0,0,0,13.5625,0,0,0,-72.7958333333333,81.6166666666667,0,0,0,0,0,7.2375,0,0,0,0,33.7041666666667,0,-7.64166666666667,0,0,22.8208333333333,-9.61666666666667,0,0,0,0,20.25,0,0,0,0,0,0,0,0,0,0,0,0,0,0,0,0,0,0,0,0,0,0,0,0,0,0,0,0,0,0,0,0,0,0,0,0
0,0,0,0,-6.36309523809524,0,2.69196428571429,0,0,0,0,0,0,0,0,0,0,0,0,0,0,0,0,0,0,0,-14.4642857142857,-12.5550595238095,0,0,0,0,0,0,30.4985119047619,0,0,0,0,0,0,0,0,0,0,0,0,0,-23.75,0,0,0,0,0,0,0,0,0,0,11.46875,9.03571428571429,0,0,0,7.23809523809524,0,0,0,-8.79166666666667,0,0,0,12.702380952381,0,0,0,0,0,0,0,0,0,0,0,0,0,0,0,0,0,0,0,0,0,0,0,0,0,0,0,0,0,0,0,0,0,0,0,11.0193452380952,0,0,0.361607142857143,-7.77232142857143,0,0,0,0,0,0,0,0,0,0,0,0,0,0,0,0,0
0,0,19.7589285714286,0,0,0,0,-22.5100446428571,0,0,0,0,0,10.2109375,0,0,0,0,0,0,0,0,0,0,0,0,0,0,0,0,0,0,0,0,0,0,0,0,0,10.6149553571429,0,0,0,0,0,25.3727678571429,0,0,0,0,0,0,0,0,0,0,0,0,0,0,0,14.2633928571429,0,0,0,0,0,0,0,0,0,0,0,28.9810267857143,0,-5.671875,0,0,0,0,8.38616071428571,0,0,0,0,0,0,0,0,0,0,0,0,0,0,0,0,0,0,0,0,0,0,0,0,0,0,0,0,0,0,0,0,0,0,0,0,4.625,0,0,0,0,0.609375,0,0,6.3515625,5.79241071428571,-22.2020089285714,0,0
0,0,0,0,0,0,0,0,0,0,0,0,0,0,-12.3869047619048,0,0,19.8660714285714,0,0,0,0,0,24.4419642857143,0,0,0,0,0,0,0,0,-56.2008928571429,0,0,0,0,0,0,0,-40.0952380952381,0,0,0,0,0,0,0,0,0,0,0,0,0,0,0,0,-25.7157738095238,0,0,0,0,22.9613095238095,0,0,38.9360119047619,0,0,0,2.36011904761905,0,0,0,0,41.8630952380952,0,0,0,0,0,0,0,0,20.0014880952381,0,0,0,0,0,0,0,-3.25297619047619,0,0,0,0,0,0,0,0,0,0,0,0,0,0,0,0,0,0,0,0,0,0,0,0,0,0,0,0,0,0,0,0,0,0,0,0,0,0
0,0,-11.0267857142857,0,0,0,0,1.06026785714286,0,0,0,0,0,-0.917410714285714,0,0,0,0,0,0,0,0,0,0,0,0,0,0,0,0,0,0,0,0,0,0,0,0,0,8.96205357142857,0,0,0,0,0,-1.29017857142857,0,0,0,0,0,0,0,0,0,0,0,0,0,0,0,-12.9196428571429,0,0,0,0,0,0,0,0,0,0,0,-5.671875,0,8.56696428571429,0,0,0,0,-3.56696428571429,0,0,0,0,0,0,0,0,0,0,0,0,0,0,0,0,0,0,0,0,0,0,0,0,0,0,0,0,0,0,0,0,0,0,0,0,-7.09821428571429,0,0,0,0,-0.174107142857143,0,0,4.60491071428571,-0.46875,20.1674107142857,0,0
0,0,0,0,0,-24.3199404761905,0,0,0,0,0,0,-139.700892857143,0,0,0,0,0,0,0,0,0,0,0,0,0,0,0,0,-23.6651785714286,0,0,0,0,0,31.5193452380952,0,0,0,0,0,0,0,0,0,0,-6.43154761904762,0,0,0,36.1116071428571,0,0,0,0,10.8779761904762,41.3586309523809,0,0,0,0,0,0,0,0,0,0,0,0,0,0,0,0,0,0,0,58.1964285714286,0,0,0,0,0,0,0,0,0,0,0,0,0,0,0,0,0,0,0,0,0,0,0,0,0,0,0,0,0,0,0,0,0,0,0,0,0,0,0,0,0,-1.78571428571429,0,0,-15.014880952381,0,0,-1.11607142857143,0,0,0,-4.51636904761905,40.5327380952381
0,-68.24375,0,0,0,0,0,0,0,8.33125,0,0,0,0,0,-80.53125,0,0,0,0,0,0,0,0,-27.125,0,0,0,0,0,0,0,0,0,0,0,0,0,0,0,0,0,0,0,0,0,0,0,0,0,0,0,0,0,0,0,0,0,0,0,0,0,0,0,0,0,-2.3,0,0,0,-22.725,7.2375,0,0,0,0,0,85.19375,0,0,0,0,11.575,0,11.15625,0,0,5.0625,24.75625,0,0,0,0,-1.075,0,0,0,0,0,0,0,0,0,0,0,0,0,0,0,0,0,0,0,0,0,0,0,0,0,0,0,0,0,0,0,0,0,0,0,0
0,0,0,0,0,0,0,0,0,0,0,0,0,0,0,0,15.7053571428571,0,0,0,0,0,0,0,0,0,0,0,0,0,0,0,0,0,0,0,0,-19.2645089285714,-13.4185267857143,0,0,29.6696428571429,-33.9966517857143,0,0,0,0,0,0,0,0,0,0,0,-18.7957589285714,0,0,0,0,0,0,0,0,37.6875,0,0,0,0,0,0,0,0,0,0,0,0,0,0,74.8470982142857,0,0,0,0,0,0,0,0,0,0,0,0,0,0,0,0,0,0,0,-14.4765625,0,0,0,0,0,0,-4.36941964285714,0,0,0,0,0,0,0,0,0,0,0,0,0,0,0,0,0,0,0,0,0,0,0,0
0,0,0,0,0,0,0,0,0,0,0,0,0,0,0,0,0,0,0,0,0,0,0,0,0,0,0,0,0,0,0,0,0,0,0,0,0,0,0,0,0,0,0,0,0,0,0,0,0,0,0,0,0,0,0,0,0,0,0,0,0,0,0,0,0,0,0,0,0,0,0,0,0,0,0,0,0,0,0,0,0,0,0,0,0,0,0,0,0,0,0,0,0,0,0,0,0,0,0,0,0,0,0,0,0,0,0,0,0,0,0,0,0,0,0,0,0,0,0,0,0,0,0,0,0,0,0,0,0,0
0,0,4.85714285714286,0,0,0,0,1.10044642857143,0,0,0,0,0,5.42633928571429,0,0,0,0,0,0,0,0,0,0,0,0,0,0,0,0,0,0,0,0,0,0,0,0,0,2.01116071428571,0,0,0,0,0,10.09375,0,0,0,0,0,0,0,0,0,0,0,0,0,0,0,8.65178571428571,0,0,0,0,0,0,0,0,0,0,0,8.38616071428571,0,-3.56696428571429,0,0,0,0,9.03125,0,0,0,0,0,0,0,0,0,0,0,0,0,0,0,0,0,0,0,0,0,0,0,0,0,0,0,0,0,0,0,0,0,0,0,0,-5.46428571428571,0,0,0,0,-0.986607142857143,0,0,3.68080357142857,-1.13839285714286,-5.72991071428571,0,0
0,0,0,0,0,0,0,0,0,0,0,0,0,0,0,0,0,0,0,0,0,0,0,0,0,0,0,0,0,0,0,0,0,0,0,0,0,0,0,0,0,0,0,0,0,0,0,0,0,0,0,0,0,0,0,0,0,0,0,0,0,0,0,0,0,0,0,0,0,0,0,0,0,0,0,0,0,0,0,0,0,0,0,0,0,0,0,0,0,0,0,0,0,0,0,0,0,0,0,0,0,0,0,0,0,0,0,0,0,0,0,0,0,0,0,0,0,0,0,0,0,0,0,0,0,0,0,0,0,0
0,-35.4208333333333,0,0,0,0,0,0,0,-26.1791666666667,0,0,0,0,0,-19.25,0,0,0,0,0,0,0,0,0.345833333333333,0,0,0,0,0,0,0,0,0,0,0,0,0,0,0,0,0,0,0,0,0,0,0,0,0,0,0,0,0,0,0,0,0,0,0,0,0,0,0,0,0,20.65,0,0,0,-29.9958333333333,33.7041666666667,0,0,0,0,0,11.575,0,0,0,0,40.0666666666667,0,0.795833333333333,0,0,10.1333333333333,11.9333333333333,0,0,0,0,11.15,0,0,0,0,0,0,0,0,0,0,0,0,0,0,0,0,0,0,0,0,0,0,0,0,0,0,0,0,0,0,0,0,0,0,0,0
0,0,0,0,0,0,0,0,0,0,0,0,0,0,5.86607142857143,0,0,7.72767857142857,0,0,0,0,0,10.3497023809524,0,0,0,0,0,0,0,0,-43.4241071428571,0,0,0,0,0,0,0,9.02232142857143,0,0,0,0,0,0,0,0,0,0,0,0,0,0,0,0,-6.27380952380952,0,0,0,0,26.6741071428571,0,0,-0.665178571428571,0,0,0,-24.8497023809524,0,0,0,0,20.0014880952381,0,0,0,0,0,0,0,0,60.8422619047619,0,0,0,0,0,0,0,-2.80952380952381,0,0,0,0,0,0,0,0,0,0,0,0,0,0,0,0,0,0,0,0,0,0,0,0,0,0,0,0,0,0,0,0,0,0,0,0,0,0
0,-21.1729166666667,0,0,0,0,0,0,0,20.3979166666667,0,0,0,0,0,-13.79375,0,0,0,0,0,0,0,0,-8.27083333333333,0,0,0,0,0,0,0,0,0,0,0,0,0,0,0,0,0,0,0,0,0,0,0,0,0,0,0,0,0,0,0,0,0,0,0,0,0,0,0,0,0,2.6625,0,0,0,3.38333333333333,-7.64166666666667,0,0,0,0,0,11.15625,0,0,0,0,0.795833333333333,0,4.73541666666667,0,0,0.491666666666667,4.91041666666667,0,0,0,0,-1.25,0,0,0,0,0,0,0,0,0,0,0,0,0,0,0,0,0,0,0,0,0,0,0,0,0,0,0,0,0,0,0,0,0,0,0,0
0,0,0,0,0,0,0,0,0,0,0,0,0,0,0,0,0,0,0,0,0,0,0,0,0,0,0,0,0,0,0,0,0,0,0,0,0,0,0,0,0,0,0,0,0,0,0,0,0,0,0,0,0,0,0,0,0,0,0,0,0,0,0,0,0,0,0,0,0,0,0,0,0,0,0,0,0,0,0,0,0,0,0,0,0,0,0,0,0,0,0,0,0,0,0,0,0,0,0,0,0,0,0,0,0,0,0,0,0,0,0,0,0,0,0,0,0,0,0,0,0,0,0,0,0,0,0,0,0,0
0,0,0,0,0,0,0,0,0,0,0,0,0,0,0,0,0,0,0,0,0,0,0,0,0,0,0,0,0,0,0,0,0,0,0,0,0,0,0,0,0,0,0,0,0,0,0,0,0,0,0,0,0,0,0,0,0,0,0,0,0,0,0,0,0,0,0,0,0,0,0,0,0,0,0,0,0,0,0,0,0,0,0,0,0,0,0,0,0,0,0,0,0,0,0,0,0,0,0,0,0,0,0,0,0,0,0,0,0,0,0,0,0,0,0,0,0,0,0,0,0,0,0,0,0,0,0,0,0,0
0,-22.4916666666667,0,0,0,0,0,0,0,1.19166666666667,0,0,0,0,0,26.7875,0,0,0,0,0,0,0,0,-9.89583333333333,0,0,0,0,0,0,0,0,0,0,0,0,0,0,0,0,0,0,0,0,0,0,0,0,0,0,0,0,0,0,0,0,0,0,0,0,0,0,0,0,0,11.325,0,0,0,-24.2541666666667,22.8208333333333,0,0,0,0,0,5.0625,0,0,0,0,10.1333333333333,0,0.491666666666667,0,0,10.9416666666667,-4.09583333333333,0,0,0,0,6,0,0,0,0,0,0,0,0,0,0,0,0,0,0,0,0,0,0,0,0,0,0,0,0,0,0,0,0,0,0,0,0,0,0,0,0
0,-22.7604166666667,0,0,0,0,0,0,0,2.37291666666667,0,0,0,0,0,-60.28125,0,0,0,0,0,0,0,0,-2.08333333333333,0,0,0,0,0,0,0,0,0,0,0,0,0,0,0,0,0,0,0,0,0,0,0,0,0,0,0,0,0,0,0,0,0,0,0,0,0,0,0,0,0,1.0375,0,0,0,6.52083333333333,-9.61666666666667,0,0,0,0,0,24.75625,0,0,0,0,11.9333333333333,0,4.91041666666667,0,0,-4.09583333333333,17.3854166666667,0,0,0,0,-1.75,0,0,0,0,0,0,0,0,0,0,0,0,0,0,0,0,0,0,0,0,0,0,0,0,0,0,0,0,0,0,0,0,0,0,0,0
0,0,0,0,0,0,0,0,0,0,0,0,0,0,0,0,0,0,0,0,0,0,0,0,0,0,0,0,0,0,0,0,0,0,0,0,0,0,0,0,0,0,0,0,0,0,0,0,0,0,0,0,0,0,0,0,0,0,0,0,0,0,0,0,0,0,0,0,0,0,0,0,0,0,0,0,0,0,0,0,0,0,0,0,0,0,0,0,0,0,0,0,0,0,0,0,0,0,0,0,0,0,0,0,0,0,0,0,0,0,0,0,0,0,0,0,0,0,0,0,0,0,0,0,0,0,0,0,0,0
0,0,0,0,0,0,0,0,0,0,0,0,0,0,0,0,0,0,0,0,0,0,0,0,0,0,0,0,0,0,0,0,0,0,0,0,0,0,0,0,0,0,0,0,0,0,0,0,0,0,0,0,0,0,0,0,0,0,0,0,0,0,0,0,0,0,0,0,0,0,0,0,0,0,0,0,0,0,0,0,0,0,0,0,0,0,0,0,0,0,0,0,0,0,0,0,0,0,0,0,0,0,0,0,0,0,0,0,0,0,0,0,0,0,0,0,0,0,0,0,0,0,0,0,0,0,0,0,0,0
0,0,0,0,0,0,0,0,0,0,0,0,0,0,-7.25297619047619,0,0,-7.97619047619048,0,0,0,0,0,-18.2827380952381,0,0,0,0,0,0,0,0,4.34821428571429,0,0,0,0,0,0,0,-3.96130952380952,0,0,0,0,0,0,0,0,0,0,0,0,0,0,0,0,-18.827380952381,0,0,0,0,-4.09821428571429,0,0,-6.50297619047619,0,0,0,11.2410714285714,0,0,0,0,-3.25297619047619,0,0,0,0,0,0,0,0,-2.80952380952381,0,0,0,0,0,0,0,12.5357142857143,0,0,0,0,0,0,0,0,0,0,0,0,0,0,0,0,0,0,0,0,0,0,0,0,0,0,0,0,0,0,0,0,0,0,0,0,0,0
0,0,0,0,0,0,0,0,0,0,0,0,0,0,0,0,0,0,0,0,0,0,0,0,0,0,0,0,0,0,0,0,0,0,0,0,0,0,0,0,0,0,0,0,0,0,0,0,0,0,0,0,0,0,0,0,0,0,0,0,0,0,0,0,0,0,0,0,0,0,0,0,0,0,0,0,0,0,0,0,0,0,0,0,0,0,0,0,0,0,0,0,0,0,0,0,0,0,0,0,0,0,0,0,0,0,0,0,0,0,0,0,0,0,0,0,0,0,0,0,0,0,0,0,0,0,0,0,0,0
0,-5.75,0,0,0,0,0,0,0,-15.475,0,0,0,0,0,17.575,0,0,0,0,0,0,0,0,1.45,0,0,0,0,0,0,0,0,0,0,0,0,0,0,0,0,0,0,0,0,0,0,0,0,0,0,0,0,0,0,0,0,0,0,0,0,0,0,0,0,0,5.575,0,0,0,-17.45,20.25,0,0,0,0,0,-1.075,0,0,0,0,11.15,0,-1.25,0,0,6,-1.75,0,0,0,0,5.8,0,0,0,0,0,0,0,0,0,0,0,0,0,0,0,0,0,0,0,0,0,0,0,0,0,0,0,0,0,0,0,0,0,0,0,0
0,0,0,0,0,0,0,0,0,0,0,-2.74702380952381,0,0,0,0,0,0,-10.078869047619,3.05654761904762,-2.32142857142857,-8.64732142857143,0,0,0,11.6264880952381,0,0,0,0,8.95684523809524,0,0,0,0,0,0,0,0,0,0,0,0,0,0,0,0,-4.04315476190476,0,0,0,0.0580357142857143,6.61607142857143,-5.49404761904762,0,0,0,0,0,0,0,0,0,0,0,0,0,0,0,0,0,0,0,0,0,0,0,0,0,0,0,0,0,0,0,0,0,0,0,0,0,0,0,0,1.50892857142857,0,0,0,0,0,0,0,0,0,1.02529761904762,0,0,0,0,0,0,0,0,0,0,0,0,0,0,0,0,0,0,0,0,0,0,0,0,0
0,0,0,0,0,0,0,0,0,0,0,0,0,0,0,0,0,0,0,0,0,0,0,0,0,0,0,0,0,0,0,0,0,0,0,0,0,0,0,0,0,0,0,0,0,0,0,0,0,0,0,0,0,0,0,0,0,0,0,0,0,0,0,0,0,0,0,0,0,0,0,0,0,0,0,0,0,0,0,0,0,0,0,0,0,0,0,0,0,0,0,0,0,0,0,0,0,0,0,0,0,0,0,0,0,0,0,0,0,0,0,0,0,0,0,0,0,0,0,0,0,0,0,0,0,0,0,0,0,0
0,0,0,0,0,0,0,0,0,0,0,0,0,0,0,0,0,0,0,0,0,0,0,0,0,0,0,0,0,0,0,0,0,0,0,0,0,0,0,0,0,0,0,0,0,0,0,0,0,0,0,0,0,0,0,0,0,0,0,0,0,0,0,0,0,0,0,0,0,0,0,0,0,0,0,0,0,0,0,0,0,0,0,0,0,0,0,0,0,0,0,0,0,0,0,0,0,0,0,0,0,0,0,0,0,0,0,0,0,0,0,0,0,0,0,0,0,0,0,0,0,0,0,0,0,0,0,0,0,0
0,0,0,0,0,0,0,0,0,0,0,0,0,0,0,0,0,0,0,0,0,0,0,0,0,0,0,0,0,0,0,0,0,0,0,0,0,0,0,0,0,0,0,0,0,0,0,0,0,0,0,0,0,0,0,0,0,0,0,0,0,0,0,0,0,0,0,0,0,0,0,0,0,0,0,0,0,0,0,0,0,0,0,0,0,0,0,0,0,0,0,0,0,0,0,0,0,0,0,0,0,0,0,0,0,0,0,0,0,0,0,0,0,0,0,0,0,0,0,0,0,0,0,0,0,0,0,0,0,0
0,0,0,0,0,0,0,0,0,0,0,0,0,0,0,0,15.6875,0,0,0,0,0,0,0,0,0,0,0,0,0,0,0,0,0,0,0,0,9.59933035714286,47.7890625,0,0,5.27678571428571,-13.3649553571429,0,0,0,0,0,0,0,0,0,0,0,-28.4765625,0,0,0,0,0,0,0,0,-11.0357142857143,0,0,0,0,0,0,0,0,0,0,0,0,0,0,-14.4765625,0,0,0,0,0,0,0,0,0,0,0,0,0,0,0,0,0,0,0,42.9631696428571,0,0,0,0,0,0,-7.67075892857143,0,0,0,0,0,0,0,0,0,0,0,0,0,0,0,0,0,0,0,0,0,0,0,0
0,0,0,0,0,0,0,0,0,0,0,0,0,0,0,0,0,0,0,0,0,0,0,0,0,0,0,0,0,0,0,0,0,0,0,0,0,0,0,0,0,0,0,0,0,0,0,0,0,0,0,0,0,0,0,0,0,0,0,0,0,0,0,0,0,0,0,0,0,0,0,0,0,0,0,0,0,0,0,0,0,0,0,0,0,0,0,0,0,0,0,0,0,0,0,0,0,0,0,0,0,0,0,0,0,0,0,0,0,0,0,0,0,0,0,0,0,0,0,0,0,0,0,0,0,0,0,0,0,0
0,0,0,0,0,0,0,0,0,0,0,0,0,0,0,0,0,0,0,0,0,0,0,0,0,0,0,0,0,0,0,0,0,0,0,0,0,0,0,0,0,0,0,0,0,0,0,0,0,0,0,0,0,0,0,0,0,0,0,0,0,0,0,0,0,0,0,0,0,0,0,0,0,0,0,0,0,0,0,0,0,0,0,0,0,0,0,0,0,0,0,0,0,0,0,0,0,0,0,0,0,0,0,0,0,0,0,0,0,0,0,0,0,0,0,0,0,0,0,0,0,0,0,0,0,0,0,0,0,0
0,0,0,0,0,0,0,0,0,0,0,0,0,0,0,0,0,0,0,0,0,0,0,0,0,0,0,0,0,0,0,0,0,0,0,0,0,0,0,0,0,0,0,0,0,0,0,0,0,0,0,0,0,0,0,0,0,0,0,0,0,0,0,0,0,0,0,0,0,0,0,0,0,0,0,0,0,0,0,0,0,0,0,0,0,0,0,0,0,0,0,0,0,0,0,0,0,0,0,0,0,0,0,0,0,0,0,0,0,0,0,0,0,0,0,0,0,0,0,0,0,0,0,0,0,0,0,0,0,0
0,0,0,0,0,0,0,0,0,0,0,0,0,0,0,0,0,0,0,0,0,0,0,0,0,0,0,0,0,0,0,0,0,0,0,0,0,0,0,0,0,0,0,0,0,0,0,0,0,0,0,0,0,0,0,0,0,0,0,0,0,0,0,0,0,0,0,0,0,0,0,0,0,0,0,0,0,0,0,0,0,0,0,0,0,0,0,0,0,0,0,0,0,0,0,0,0,0,0,0,0,0,0,0,0,0,0,0,0,0,0,0,0,0,0,0,0,0,0,0,0,0,0,0,0,0,0,0,0,0
0,0,0,0,0,0,0,0,0,0,0,0,0,0,0,0,0,0,0,0,0,0,0,0,0,0,0,0,0,0,0,0,0,0,0,0,0,0,0,0,0,0,0,0,0,0,0,0,0,0,0,0,0,0,0,0,0,0,0,0,0,0,0,0,0,0,0,0,0,0,0,0,0,0,0,0,0,0,0,0,0,0,0,0,0,0,0,0,0,0,0,0,0,0,0,0,0,0,0,0,0,0,0,0,0,0,0,0,0,0,0,0,0,0,0,0,0,0,0,0,0,0,0,0,0,0,0,0,0,0
0,0,0,0,0,0,0,0,0,0,0,14.1577380952381,0,0,0,0,0,0,-4.65922619047619,-1.12797619047619,0.318452380952381,-6.48511904761905,0,0,0,-0.202380952380952,0,0,0,0,0.827380952380952,0,0,0,0,0,0,0,0,0,0,0,0,0,0,0,0,3.23363095238095,0,0,0,-3.95535714285714,1.65178571428571,-3.37202380952381,0,0,0,0,0,0,0,0,0,0,0,0,0,0,0,0,0,0,0,0,0,0,0,0,0,0,0,0,0,0,0,0,0,0,0,0,0,0,0,0,1.02529761904762,0,0,0,0,0,0,0,0,0,2.16369047619048,0,0,0,0,0,0,0,0,0,0,0,0,0,0,0,0,0,0,0,0,0,0,0,0,0
0,0,0,0,0,0,0,0,0,0,0,0,0,0,0,0,-2.84821428571429,0,0,0,0,0,0,0,0,0,0,0,0,0,0,0,0,0,0,0,0,-6.31138392857143,-16.0859375,0,0,-5.17857142857143,10.0011160714286,0,0,0,0,0,0,0,0,0,0,0,-7.99441964285714,0,0,0,0,0,0,0,0,10.0982142857143,0,0,0,0,0,0,0,0,0,0,0,0,0,0,-4.36941964285714,0,0,0,0,0,0,0,0,0,0,0,0,0,0,0,0,0,0,0,-7.67075892857143,0,0,0,0,0,0,6.5703125,0,0,0,0,0,0,0,0,0,0,0,0,0,0,0,0,0,0,0,0,0,0,0,0
0,0,0,0,0,0,0,0,0,0,0,0,0,0,0,0,0,0,0,0,0,0,0,0,0,0,0,0,0,0,0,0,0,0,0,0,0,0,0,0,0,0,0,0,0,0,0,0,0,0,0,0,0,0,0,0,0,0,0,0,0,0,0,0,0,0,0,0,0,0,0,0,0,0,0,0,0,0,0,0,0,0,0,0,0,0,0,0,0,0,0,0,0,0,0,0,0,0,0,0,0,0,0,0,0,0,0,0,0,0,0,0,0,0,0,0,0,0,0,0,0,0,0,0,0,0,0,0,0,0
0,0,0,0,0,0,0,0,0,0,0,0,0,0,0,0,0,0,0,0,0,0,0,0,0,0,0,0,0,0,0,0,0,0,0,0,0,0,0,0,0,0,0,0,0,0,0,0,0,0,0,0,0,0,0,0,0,0,0,0,0,0,0,0,0,0,0,0,0,0,0,0,0,0,0,0,0,0,0,0,0,0,0,0,0,0,0,0,0,0,0,0,0,0,0,0,0,0,0,0,0,0,0,0,0,0,0,0,0,0,0,0,0,0,0,0,0,0,0,0,0,0,0,0,0,0,0,0,0,0
0,0,0,0,-31.1532738095238,0,-21.8348214285714,0,0,0,0,0,0,0,0,0,0,0,0,0,0,0,0,0,0,0,-12.0535714285714,58.6607142857143,0,0,0,0,0,0,-5.85714285714286,0,0,0,0,0,0,0,0,0,0,0,0,0,-12.3958333333333,0,0,0,0,0,0,0,0,0,0,7.88541666666667,8.70684523809524,0,0,0,19.0282738095238,0,0,0,-9.52083333333333,0,0,0,11.0193452380952,0,0,0,0,0,0,0,0,0,0,0,0,0,0,0,0,0,0,0,0,0,0,0,0,0,0,0,0,0,0,0,0,0,0,0,57.8303571428571,0,0,-3.77678571428571,-19.2321428571429,0,0,0,0,0,0,0,0,0,0,0,0,0,0,0,0,0
17.078125,0,0,-31.765625,0,0,0,0,0,0,-80.75,0,0,0,0,0,0,0,0,0,0,0,12.6875,0,0,0,0,0,22.96875,0,0,0,0,0,0,0,0,0,0,0,0,0,0,41.8125,-28.03125,0,0,0,0,0,0,0,0,0,0,0,0,0,20.09375,0,0,0,0,0,0,0,0,0,0,0,0,0,0,0,0,0,0,0,0,0,0,0,0,0,0,0,0,0,0,0,0,0,0,0,0,0,0,0,0,0,0,0,0,0,0,0,0,0,0,13.640625,-4.78125,0,0,0,0,0,0,0,0,0,0,0,0,0,0,0,0,0,0,0
5.71875,0,0,-11.71875,0,0,0,0,0,0,37.875,0,0,0,0,0,0,0,0,0,0,0,-7.875,0,0,0,0,0,-8.8125,0,0,0,0,0,0,0,0,0,0,0,0,0,0,-19.125,23.4375,0,0,0,0,0,0,0,0,0,0,0,0,0,-9.9375,0,0,0,0,0,0,0,0,0,0,0,0,0,0,0,0,0,0,0,0,0,0,0,0,0,0,0,0,0,0,0,0,0,0,0,0,0,0,0,0,0,0,0,0,0,0,0,0,0,0,-4.78125,5.0625,0,0,0,0,0,0,0,0,0,0,0,0,0,0,0,0,0,0,0
0,0,0,0,0.964285714285714,0,-8.07589285714286,0,0,0,0,0,0,0,0,0,0,0,0,0,0,0,0,0,0,0,-2.16964285714286,-6.99107142857143,0,0,0,0,0,0,-13.0580357142857,0,0,0,0,0,0,0,0,0,0,0,0,0,4.21875,0,0,0,0,0,0,0,0,0,0,0.84375,-9.48214285714286,0,0,0,4.37946428571429,0,0,0,-3.09375,0,0,0,0.361607142857143,0,0,0,0,0,0,0,0,0,0,0,0,0,0,0,0,0,0,0,0,0,0,0,0,0,0,0,0,0,0,0,0,0,0,0,-3.77678571428571,0,0,6.50892857142857,7.75446428571429,0,0,0,0,0,0,0,0,0,0,0,0,0,0,0,0,0
0,0,0,0,2.96130952380952,0,5.38392857142857,0,0,0,0,0,0,0,0,0,0,0,0,0,0,0,0,0,0,0,5.38392857142857,-6.68303571428571,0,0,0,0,0,0,-34.0133928571429,0,0,0,0,0,0,0,0,0,0,0,0,0,18.6875,0,0,0,0,0,0,0,0,0,0,-10.5416666666667,-14.0848214285714,0,0,0,-6.04464285714286,0,0,0,2.02083333333333,0,0,0,-7.77232142857143,0,0,0,0,0,0,0,0,0,0,0,0,0,0,0,0,0,0,0,0,0,0,0,0,0,0,0,0,0,0,0,0,0,0,0,-19.2321428571429,0,0,7.75446428571429,16.3095238095238,0,0,0,0,0,0,0,0,0,0,0,0,0,0,0,0,0
0,0,0,0,0,0,0,0,0,0,0,0,0,0,0,0,0,0,0,0,0,0,0,0,0,0,0,0,0,0,0,0,0,0,0,0,0,0,0,0,0,0,0,0,0,0,0,0,0,0,0,0,0,0,0,0,0,0,0,0,0,0,0,0,0,0,0,0,0,0,0,0,0,0,0,0,0,0,0,0,0,0,0,0,0,0,0,0,0,0,0,0,0,0,0,0,0,0,0,0,0,0,0,0,0,0,0,0,0,0,0,0,0,0,0,0,0,0,0,0,0,0,0,0,0,0,0,0,0,0
0,0,0,0,0,0,0,0,0,0,0,0,0,0,0,0,0,0,0,0,0,0,0,0,0,0,0,0,0,0,0,0,0,0,0,0,0,0,0,0,0,0,0,0,0,0,0,0,0,0,0,0,0,0,0,0,0,0,0,0,0,0,0,0,0,0,0,0,0,0,0,0,0,0,0,0,0,0,0,0,0,0,0,0,0,0,0,0,0,0,0,0,0,0,0,0,0,0,0,0,0,0,0,0,0,0,0,0,0,0,0,0,0,0,0,0,0,0,0,0,0,0,0,0,0,0,0,0,0,0
0,0,0,0,0,0,0,0,0,0,0,0,0,0,0,0,0,0,0,0,0,0,0,0,0,0,0,0,0,0,0,0,0,0,0,0,0,0,0,0,0,0,0,0,0,0,0,0,0,0,0,0,0,0,0,0,0,0,0,0,0,0,0,0,0,0,0,0,0,0,0,0,0,0,0,0,0,0,0,0,0,0,0,0,0,0,0,0,0,0,0,0,0,0,0,0,0,0,0,0,0,0,0,0,0,0,0,0,0,0,0,0,0,0,0,0,0,0,0,0,0,0,0,0,0,0,0,0,0,0
0,0,0,0,0,0,0,0,0,0,0,0,0,0,0,0,0,0,0,0,0,0,0,0,0,0,0,0,0,0,0,0,0,0,0,0,0,0,0,0,0,0,0,0,0,0,0,0,0,0,0,0,0,0,0,0,0,0,0,0,0,0,0,0,0,0,0,0,0,0,0,0,0,0,0,0,0,0,0,0,0,0,0,0,0,0,0,0,0,0,0,0,0,0,0,0,0,0,0,0,0,0,0,0,0,0,0,0,0,0,0,0,0,0,0,0,0,0,0,0,0,0,0,0,0,0,0,0,0,0
0,0,8.5,0,0,0,0,-19.5535714285714,0,0,0,0,0,5.09821428571429,0,0,0,0,0,0,0,0,0,0,0,0,0,0,0,0,0,0,0,0,0,0,0,0,0,-9.16964285714286,0,0,0,0,0,-9.40178571428571,0,0,0,0,0,0,0,0,0,0,0,0,0,0,0,22.8571428571429,0,0,0,0,0,0,0,0,0,0,0,4.625,0,-7.09821428571429,0,0,0,0,-5.46428571428571,0,0,0,0,0,0,0,0,0,0,0,0,0,0,0,0,0,0,0,0,0,0,0,0,0,0,0,0,0,0,0,0,0,0,0,0,26.5892857142857,0,0,0,0,-4.17857142857143,0,0,-11.4107142857143,8.03571428571429,-24.2678571428571,0,0
0,0,0,0,0,-6.42857142857143,0,0,0,0,0,0,2.17857142857143,0,0,0,0,0,0,0,0,0,0,0,0,0,0,0,0,-16.9642857142857,0,0,0,0,0,18.7142857142857,0,0,0,0,0,0,0,0,0,0,-0.357142857142857,0,0,0,-2.57142857142857,0,0,0,0,-3.42857142857143,-10.6428571428571,0,0,0,0,0,0,0,0,0,0,0,0,0,0,0,0,0,0,0,-1.78571428571429,0,0,0,0,0,0,0,0,0,0,0,0,0,0,0,0,0,0,0,0,0,0,0,0,0,0,0,0,0,0,0,0,0,0,0,0,0,0,0,0,0,5.14285714285714,0,0,-2.85714285714286,0,0,3.21428571428571,0,0,0,6.35714285714286,8.53571428571429
0,0,0,0,0,0,0,0,0,0,0,0,0,0,0,0,0,0,0,0,0,0,0,0,0,0,0,0,0,0,0,0,0,0,0,0,0,0,0,0,0,0,0,0,0,0,0,0,0,0,0,0,0,0,0,0,0,0,0,0,0,0,0,0,0,0,0,0,0,0,0,0,0,0,0,0,0,0,0,0,0,0,0,0,0,0,0,0,0,0,0,0,0,0,0,0,0,0,0,0,0,0,0,0,0,0,0,0,0,0,0,0,0,0,0,0,0,0,0,0,0,0,0,0,0,0,0,0,0,0
0,0,0,0,0,0,0,0,0,0,0,0,0,0,0,0,0,0,0,0,0,0,0,0,0,0,0,0,0,0,0,0,0,0,0,0,0,0,0,0,0,0,0,0,0,0,0,0,0,0,0,0,0,0,0,0,0,0,0,0,0,0,0,0,0,0,0,0,0,0,0,0,0,0,0,0,0,0,0,0,0,0,0,0,0,0,0,0,0,0,0,0,0,0,0,0,0,0,0,0,0,0,0,0,0,0,0,0,0,0,0,0,0,0,0,0,0,0,0,0,0,0,0,0,0,0,0,0,0,0
0,0,0,0,0,26.2485119047619,0,0,0,0,0,0,29.9806547619048,0,0,0,0,0,0,0,0,0,0,0,0,0,0,0,0,9.93154761904762,0,0,0,0,0,-31.6502976190476,0,0,0,0,0,0,0,0,0,0,6.24702380952381,0,0,0,-12.9464285714286,0,0,0,0,-29.5431547619048,-6.60119047619048,0,0,0,0,0,0,0,0,0,0,0,0,0,0,0,0,0,0,0,-15.014880952381,0,0,0,0,0,0,0,0,0,0,0,0,0,0,0,0,0,0,0,0,0,0,0,0,0,0,0,0,0,0,0,0,0,0,0,0,0,0,0,0,0,-2.85714285714286,0,0,16.0803571428571,0,0,-1.78571428571429,0,0,0,-1.15327380952381,-16.3392857142857
0,0,3.94642857142857,0,0,0,0,2.00223214285714,0,0,0,0,0,-1.88616071428571,0,0,0,0,0,0,0,0,0,0,0,0,0,0,0,0,0,0,0,0,0,0,0,0,0,-3.10491071428571,0,0,0,0,0,6.32589285714286,0,0,0,0,0,0,0,0,0,0,0,0,0,0,0,-8.24107142857143,0,0,0,0,0,0,0,0,0,0,0,0.609375,0,-0.174107142857143,0,0,0,0,-0.986607142857143,0,0,0,0,0,0,0,0,0,0,0,0,0,0,0,0,0,0,0,0,0,0,0,0,0,0,0,0,0,0,0,0,0,0,0,0,-4.17857142857143,0,0,0,0,5.28125,0,0,-2.06026785714286,-0.870535714285714,1.65401785714286,0,0
0,0,0,0,0,0,0,0,0,0,0,0,0,0,0,0,0,0,0,0,0,0,0,0,0,0,0,0,0,0,0,0,0,0,0,0,0,0,0,0,0,0,0,0,0,0,0,0,0,0,0,0,0,0,0,0,0,0,0,0,0,0,0,0,0,0,0,0,0,0,0,0,0,0,0,0,0,0,0,0,0,0,0,0,0,0,0,0,0,0,0,0,0,0,0,0,0,0,0,0,0,0,0,0,0,0,0,0,0,0,0,0,0,0,0,0,0,0,0,0,0,0,0,0,0,0,0,0,0,0
0,0,0,0,0,-4.01785714285714,0,0,0,0,0,0,1.36160714285714,0,0,0,0,0,0,0,0,0,0,0,0,0,0,0,0,-10.6026785714286,0,0,0,0,0,11.6964285714286,0,0,0,0,0,0,0,0,0,0,-0.223214285714286,0,0,0,-1.60714285714286,0,0,0,0,-2.14285714285714,-6.65178571428571,0,0,0,0,0,0,0,0,0,0,0,0,0,0,0,0,0,0,0,-1.11607142857143,0,0,0,0,0,0,0,0,0,0,0,0,0,0,0,0,0,0,0,0,0,0,0,0,0,0,0,0,0,0,0,0,0,0,0,0,0,0,0,0,0,3.21428571428571,0,0,-1.78571428571429,0,0,2.00892857142857,0,0,0,3.97321428571429,5.33482142857143
0,0,-2.80357142857143,0,0,0,0,4.08370535714286,0,0,0,0,0,-9.20424107142857,0,0,0,0,0,0,0,0,0,0,0,0,0,0,0,0,0,0,0,0,0,0,0,0,0,21.6104910714286,0,0,0,0,0,-3.02901785714286,0,0,0,0,0,0,0,0,0,0,0,0,0,0,0,-10.5044642857143,0,0,0,0,0,0,0,0,0,0,0,6.3515625,0,4.60491071428571,0,0,0,0,3.68080357142857,0,0,0,0,0,0,0,0,0,0,0,0,0,0,0,0,0,0,0,0,0,0,0,0,0,0,0,0,0,0,0,0,0,0,0,0,-11.4107142857143,0,0,0,0,-2.06026785714286,0,0,20.6328125,-2.37723214285714,2.3203125,0,0
0,0,0.803571428571429,0,0,0,0,-15.1004464285714,0,0,0,0,0,8.53794642857143,0,0,0,0,0,0,0,0,0,0,0,0,0,0,0,0,0,0,0,0,0,0,0,0,0,2.578125,0,0,0,0,0,-0.46875,0,0,0,0,0,0,0,0,0,0,0,0,0,0,0,10.8482142857143,0,0,0,0,0,0,0,0,0,0,0,5.79241071428571,0,-0.46875,0,0,0,0,-1.13839285714286,0,0,0,0,0,0,0,0,0,0,0,0,0,0,0,0,0,0,0,0,0,0,0,0,0,0,0,0,0,0,0,0,0,0,0,0,8.03571428571429,0,0,0,0,-0.870535714285714,0,0,-2.37723214285714,7.03125,-5.05580357142857,0,0
0,0,-24.6785714285714,0,0,0,0,6.36049107142857,0,0,0,0,0,-1.72209821428571,0,0,0,0,0,0,0,0,0,0,0,0,0,0,0,0,0,0,0,0,0,0,0,0,0,13.7712053571429,0,0,0,0,0,-5.20758928571429,0,0,0,0,0,0,0,0,0,0,0,0,0,0,0,-31.2544642857143,0,0,0,0,0,0,0,0,0,0,0,-22.2020089285714,0,20.1674107142857,0,0,0,0,-5.72991071428571,0,0,0,0,0,0,0,0,0,0,0,0,0,0,0,0,0,0,0,0,0,0,0,0,0,0,0,0,0,0,0,0,0,0,0,0,-24.2678571428571,0,0,0,0,1.65401785714286,0,0,2.3203125,-5.05580357142857,66.9542410714286,0,0
0,0,0,0,0,-11.0193452380952,0,0,0,0,0,0,8.56101190476191,0,0,0,0,0,0,0,0,0,0,0,0,0,0,0,0,-22.358630952381,0,0,0,0,0,22.108630952381,0,0,0,0,0,0,0,0,0,0,-9.12202380952381,0,0,0,-5.26190476190476,0,0,0,0,-9.75892857142857,-7.87797619047619,0,0,0,0,0,0,0,0,0,0,0,0,0,0,0,0,0,0,0,-4.51636904761905,0,0,0,0,0,0,0,0,0,0,0,0,0,0,0,0,0,0,0,0,0,0,0,0,0,0,0,0,0,0,0,0,0,0,0,0,0,0,0,0,0,6.35714285714286,0,0,-1.15327380952381,0,0,3.97321428571429,0,0,0,9.76785714285714,9.47470238095238
0,0,0,0,0,12.1845238095238,0,0,0,0,0,0,-133.81994047619,0,0,0,0,0,0,0,0,0,0,0,0,0,0,0,0,-72.3244047619048,0,0,0,0,0,68.9806547619048,0,0,0,0,0,0,0,0,0,0,-6.91220238095238,0,0,0,5.16964285714286,0,0,0,0,30.7261904761905,-6.73363095238095,0,0,0,0,0,0,0,0,0,0,0,0,0,0,0,0,0,0,0,40.5327380952381,0,0,0,0,0,0,0,0,0,0,0,0,0,0,0,0,0,0,0,0,0,0,0,0,0,0,0,0,0,0,0,0,0,0,0,0,0,0,0,0,0,8.53571428571429,0,0,-16.3392857142857,0,0,5.33482142857143,0,0,0,9.47470238095238,74.1339285714286
